id,song_id,title,note_design,difficulty,level,note_count,chart_constant
1,0,,Nitro,PST,1,205,150
2,0,,Nitro,PRS,4,305,450
3,0,,Toaster,FTR,7,666,700
4,0,,"Luxance + Exschwasion",ETR,8,728,850
5,1,,Toaster,PST,4,462,400
6,1,,Toaster,PRS,7,690,700
7,1,,Toaster,FTR,9,986,920
8,1,,"Nitro affected by Nitro",BYD,9+,1061,980
9,2,,Nitro,PST,4,449,400
10,2,,Nitro,PRS,6,632,650
11,2,,Nitro,FTR,9,968,930
12,2,,GOODTOAST,BYD,9+,1103,980
13,3,,Toaster,PST,3,414,350
14,3,,Toaster,PRS,6,492,600
15,3,,Toaster,FTR,8+,791,870
16,4,,Nitro,PST,2,322,250
17,4,,Nitro,PRS,4,599,400
18,4,,Nitro,FTR,7+,788,780
19,5,,Nitro,PST,3,424,350
20,5,,Nitro,PRS,5,506,550
21,5,,Nitro,FTR,8,861,820
22,6,,Toaster,PST,1,336,100
23,6,,Toaster,PRS,3,511,350
24,6,,Toaster,FTR,7,782,700
25,6,,"Nitro in Wonderland",BYD,9,932,950
26,7,,Toaster,PST,3,510,350
27,7,,Toaster,PRS,6,664,600
28,7,,Toaster,FTR,8,864,810
29,8,,Toaster,PST,3,402,300
30,8,,Toaster,PRS,6,645,650
31,8,,Toaster,FTR,8,808,850
32,9,,Nitro,PST,2,308,250
33,9,,Nitro,PRS,5,448,550
34,9,,Nitro,FTR,8+,672,890
35,10,,Toaster,PST,2,486,250
36,10,,Toaster,PRS,5,672,500
37,10,,Toaster,FTR,8,978,840
38,11,,Nitro,PST,4,607,450
39,11,,Nitro,PRS,6,722,650
40,11,,Nitro,FTR,8,1015,800
41,12,,Nitro,PST,3,517,300
42,12,,Nitro,PRS,6,789,600
43,12,,Nitro,FTR,8,1067,830
44,12,,"N↑TRO",BYD,9,1042,910
45,13,,Nitro,PST,2,369,250
46,13,,Nitro,PRS,5,534,500
47,13,,Nitro,FTR,7,734,700
48,13,,"石樂",BYD,9,785,900
49,14,,Nitro,PST,4,556,450
50,14,,Nitro,PRS,7,767,700
51,14,,Nitro,FTR,9,1204,910
52,15,,-chartaesthesia-,PST,4,550,450
53,15,,-chartaesthesia-,PRS,7,875,700
54,15,,-chartaesthesia-,FTR,9,1022,910
55,15,,"moonquay -end of chartaesthesia-",BYD,9+,1288,980
56,16,,"東星",PST,4,476,450
57,16,,"東星",PRS,8,855,860
58,16,,"東星",FTR,10,942,1010
59,16,"PRAGMATISM -RESURRECTION-","THE LAST DREAM",BYD,11,1502,1120
60,17,,"夜浪",PST,5,611,550
61,17,,"夜浪",PRS,7,832,750
62,17,,"夜浪",FTR,10,1151,1000
63,18,,Nitro,PST,2,469,250
64,18,,Nitro,PRS,5,438,550
65,18,,"Toaster missing Nitro.",FTR,8,961,840
66,18,,Toaster.,BYD,9,814,950
67,19,,Toaster,PST,3,548,350
68,19,,Toaster,PRS,6,756,600
69,19,,Toaster,FTR,7+,970,780
70,19,,"Nitro ~ABYSS~",BYD,9+,1040,990
71,20,,Nitro,PST,2,391,250
72,20,,Nitro,PRS,6,698,600
73,20,,Nitro,FTR,8,921,850
74,21,,Toaster,PST,2,412,250
75,21,,Toaster,PRS,6,588,650
76,21,,Toaster,FTR,9,851,920
77,22,,Nitro,PST,1,336,150
78,22,,Nitro,PRS,5,545,550
79,22,,Nitro,FTR,7+,853,780
80,22,,"Nitr∞",BYD,9,986,960
81,23,,"Party Toaster",PST,4,337,400
82,23,,"Party Toaster",PRS,7+,543,780
83,23,,"Party Toaster",FTR,9,800,940
84,23,,"Party Exschwasion",BYD,10,946,1030
85,24,,Nitro,PST,2,356,200
86,24,,Nitro,PRS,5,488,500
87,24,,Nitro,FTR,8+,856,890
88,25,,N,PST,3,413,300
89,25,,N,PRS,6,650,600
90,25,,"NーHelix",FTR,9,930,900
91,26,,"東星※紅空",PST,2,297,250
92,26,,"東星※紅空",PRS,7,547,700
93,26,,"東星※紅空",FTR,10,980,1020
94,27,,Nitro,PST,1,253,100
95,27,,Nitro,PRS,4,349,400
96,27,,Nitro,FTR,7+,729,780
97,28,,"Nitro 2.0",PST,2,322,200
98,28,,"Nitro 2.0",PRS,4,432,400
99,28,,"Nitro 2.0",FTR,7+,787,780
100,29,,ToastErr0r,PST,3,502,300
101,29,,ToastErr0r,PRS,7,785,700
102,29,,ToastErr0r,FTR,9,955,950
103,30,,k//eternal,PST,4,606,400
104,30,,k//eternal,PRS,7,823,700
105,30,,k//eternal,FTR,9,1081,940
106,31,,Nitro,PST,3,469,350
107,31,,Nitro,PRS,6,677,650
108,31,,Nitro,FTR,9,1013,940
109,32,,Kurorak,PST,3,619,350
110,32,,Kurorak,PRS,7,812,750
111,32,,Kurorak,FTR,8+,916,890
112,33,,Nitro,PST,1,375,100
113,33,,Nitro,PRS,5,707,550
114,33,,Nitro,FTR,9,1111,900
115,33,,"Exschwas↓on",BYD,9+,1121,980
116,34,,Kurorak,PST,1,418,150
117,34,,Kurorak,PRS,5,394,500
118,34,,Kurorak,FTR,7+,645,780
119,35,,Nitro,PST,2,347,250
120,35,,Nitro,PRS,6,469,600
121,35,,Nitro,FTR,8,825,840
122,36,,k//eternal,PST,2,297,200
123,36,,k//eternal,PRS,7,627,700
124,36,,k//eternal,FTR,8+,775,890
125,37,,Nitro,PST,3,425,300
126,37,,Nitro,PRS,5,508,550
127,37,,Nitro,FTR,9,963,930
128,38,,"τoastεr",PST,4,505,400
129,38,,"τoastεr",PRS,7,668,750
130,38,,"τoastεr",FTR,10,1030,1020
131,39,,"小東星",PST,2,519,200
132,39,,"小東星",PRS,5,745,500
133,39,,"小東星",FTR,7+,1021,780
134,39,,"eién",ETR,8+,1031,880
135,40,,Kurorak,PST,2,350,200
136,40,,Kurorak,PRS,5,518,550
137,40,,Kurorak,FTR,9,805,940
138,41,,Toaster,PST,3,579,350
139,41,,Toaster,PRS,6,809,650
140,41,,Toaster,FTR,9,1225,930
141,41,"Ignotus Afterburn","Toaster × 石樂",BYD,9+,1077,990
142,42,,"夜浪",PST,3,480,350
143,42,,"夜浪",PRS,6,717,650
144,42,,"夜浪",FTR,9+,900,970
145,43,,Kurorak,PST,1,423,100
146,43,,Kurorak,PRS,4,378,400
147,43,,Kurorak,FTR,7+,641,780
148,44,,Nitro,PST,1,275,100
149,44,,Nitro,PRS,4,383,400
150,44,,Nitro,FTR,7,655,700
151,45,,Toaster,PST,2,449,250
152,45,,Toaster,PRS,5,566,550
153,45,,Toaster,FTR,8,947,840
154,45,,Toaster,BYD,9+,1139,970
155,46,,Haruba,PST,2,275,200
156,46,,Haruba,PRS,5,399,550
157,46,,Haruba,FTR,8,713,820
158,47,,"トーストピア  ~Utopia of Toast~",PST,1,444,100
159,47,,"トーストピア  ~Utopia of Toast~",PRS,4,706,450
160,47,,"トーストピア  ~Utopia of Toast~",FTR,8,1061,850
161,48,,"Nitroだー！！",PST,3,385,350
162,48,,"Nitroだー！",PRS,6,648,650
163,48,,"Nitroだー！",FTR,9,1000,930
164,49,,Toaster,PST,2,373,250
165,49,,Toaster,PRS,5,467,550
166,49,,Toaster,FTR,8,772,840
167,50,,NITRO,PST,3,418,350
168,50,,NITRO,PRS,7,691,750
169,50,,NITRO,FTR,9+,1010,990
170,51,,NiTRO,PST,3,315,350
171,51,,NiTRO,PRS,6,488,650
172,51,,NiTRO,FTR,9+,785,980
173,52,,Kurorak,PST,3,415,300
174,52,,Kurorak,PRS,6,541,600
175,52,,k//urorak,FTR,9+,1044,990
176,52,,"NITRO -mesmerize-",BYD,10,1086,1060
177,53,,Toaster,PST,4,443,400
178,53,,Toaster,PRS,7,593,700
179,53,,Toaster,FTR,9,795,910
180,54,,Toaster,PST,4,520,450
181,54,,Nitro,PRS,7,731,750
182,54,,"toaster + nitro",FTR,10,1056,1020
183,55,,"The Monolith",PST,5,685,550
184,55,,"The Monolith",PRS,8,1065,850
185,55,,"The Monolith",FTR,10,1094,1060
186,56,,"迷路第一層",PST,6,956,650
187,56,,"迷路第二層",PRS,9,1194,930
188,56,,"迷路深層",FTR,11,1450,1110
189,57,,Nitro,PST,4,592,450
190,57,,Nitro,PRS,7,785,700
191,57,,Nitro,FTR,9,1129,940
192,58,,"-chartaesthesia- RED side",PST,4,464,400
193,58,,"side BLUE -chartaesthesia-",PRS,7+,597,780
194,58,,"-chartaesthesia-
LEFT=BLUE RED=RIGHT ",FTR,9,845,940
195,58,"Red and Blue and Green","moonquay ""retrograde""
BLUE=LEFT RIGHT=RED",BYD,10,1194,1020
196,59,,Toaster,PST,2,604,250
197,59,,Toaster,PRS,5,564,550
198,59,,Toaster,FTR,8,885,820
199,60,,Nitro,PST,3,550,300
200,60,,Nitro,PRS,6,721,650
201,60,,Nitro,FTR,8+,925,880
202,61,,k//eternal,PST,4,416,450
203,61,,k//eternal,PRS,7,582,700
204,61,,k//eternal,FTR,9,931,940
205,62,,"夜浪 - Apocalypse",PST,4,661,400
206,62,,"夜浪",PRS,7+,947,780
207,62,,"夜浪",FTR,10,1171,1060
208,63,,k//eternal,PST,1,532,150
209,63,,k//eternal,PRS,5,751,500
210,63,,k//eternal,FTR,7+,719,780
211,64,,Kurorak,PST,3,551,300
212,64,,Kurorak,PRS,6,778,600
213,64,,Kurorak,FTR,9,997,910
214,65,,Toaster,PST,3,390,350
215,65,,Toaster,PRS,6,706,650
216,65,,Toaster,FTR,9,1096,940
217,66,,Nitro,PST,4,547,400
218,66,,Nitro,PRS,6,718,650
219,66,,Nitro,FTR,9,991,960
220,67,,Toaster,PST,3,535,350
221,67,,Toaster,PRS,6,829,650
222,67,,Toaster,FTR,9,1150,930
223,68,,k//eternal,PST,2,570,250
224,68,,k//eternal,PRS,6,703,650
225,68,,"k//eternal + nitro",FTR,8,852,850
226,69,,TaroNuke,PST,2,416,250
227,69,,TaroNuke,PRS,5,674,500
228,69,,TaroNuke,FTR,8,941,860
229,70,,"東星",PST,4,534,450
230,70,,"東星",PRS,7+,678,780
231,70,,"東星※コラプサー",FTR,10,1105,1050
232,70,"Singularity VVVIP","Exschwasion against. 絶滅",BYD,10,1114,1040
233,71,,Kurorak,PST,3,639,350
234,71,,Kurorak,PRS,6,726,600
235,71,,Kurorak,FTR,9+,978,980
236,72,,TaroNuke,PST,2,570,250
237,72,,"TaroNukeΔ",PRS,5,778,500
238,72,,"TΔroNuke",FTR,9,922,920
239,73,,Nitro,PST,4,454,450
240,73,,Nitro,PRS,7,583,700
241,73,,Nitro,FTR,8+,824,880
242,73,,Toastie,BYD,9,954,960
243,74,,Kurorak,PST,3,500,300
244,74,,Kurorak,PRS,7,846,700
245,74,,"Black Tea",FTR,10,1238,1030
246,75,,k//urorak,PST,4,571,400
247,75,,k//urorak,PRS,7,635,700
248,75,,k//urorak,FTR,9,1002,930
249,76,,"τoastεr",PST,4,507,400
250,76,,"τoastεr",PRS,8,678,800
251,76,,"τoastεr",FTR,10,1120,1040
252,77,,"週刊Toaster",PST,4,493,400
253,77,,"週刊Toaster",PRS,7+,710,780
254,77,,"週刊Toaster",FTR,9,1164,960
255,78,,Nitro,PST,4,592,400
256,78,,Nitro,PRS,7,792,750
257,78,,"Be Nitro",FTR,9,982,940
258,79,,Kero,PST,4,377,400
259,79,,Kero,PRS,7,655,700
260,79,,"Kero + Nitro",FTR,9,946,950
261,79,,antymis,BYD,9+,991,980
262,80,,Kurorak,PST,3,591,350
263,80,,Kurorak,PRS,6,653,600
264,80,,"Kuro my Nitro",FTR,8+,921,870
265,81,,Kurorak,PST,2,276,200
266,81,,Kurorak,PRS,4,326,400
267,81,,Kurorak,FTR,7+,463,780
268,81,,CERiNG,BYD,9,857,940
269,82,,"小東星",PST,3,494,300
270,82,,"小東星",PRS,3,445,350
271,82,,"小東星",FTR,8+,775,890
272,83,,Toaster,PST,3,536,300
273,83,,Toaster,PRS,6,630,650
274,83,,Toaster,FTR,9+,992,970
275,84,,Shirorak,PST,4,458,400
276,84,,Shirorak,PRS,6,608,600
277,84,,Shirorak,FTR,9+,1045,970
278,85,,"東星※太陽",PST,5,662,550
279,85,,"東星※太陽",PRS,8,943,820
280,85,,"東星※太陽",FTR,10,1227,1050
281,86,,"Zero Sky",PST,5,659,550
282,86,,"Zero Sky",PRS,8,837,830
283,86,,"Zero Sky",FTR,10,1170,1030
284,87,,"Volatile Paradox",PST,6,983,600
285,87,,"Absolute Paradox",PRS,9,1343,950
286,87,,"Paradox Zero",FTR,11,1279,1110
287,88,,Toastie,PST,2,368,200
288,88,,Toastie,PRS,5,550,500
289,88,,Toastie,FTR,7+,818,780
290,88,,CERiNG,ETR,8+,732,890
291,89,,Kurorak,PST,4,538,450
292,89,,Kurorak,PRS,6,728,650
293,89,,Kurorak,FTR,8,1124,830
294,89,,Toastmaker,BYD,10,1287,1000
295,90,,k//eternal,PST,2,535,200
296,90,,k//eternal,PRS,7,585,700
297,90,,"k//eternal + nitro",FTR,9,1061,950
298,91,,"-chartaesthesia-
LIMITER:10%",PST,1,44,150
299,91,,"-chartaesthesia-
LIMITER:100%",PRS,9,1323,950
300,91,,"-chartaesthesia-
LIMITER:25% (OVERDRIVE:+100%)",FTR,8+,823,910
301,91,overdead.,"絶滅 over 夜浪.",BYD,10,1503,1050
302,92,,Haruba,PST,3,316,300
303,92,,Haruba,PRS,7,486,750
304,92,,Haruba,FTR,9+,703,970
305,93,,"Nitro「Katastrophe」",PST,3,647,300
306,93,,"Nitro「Katastrophe」",PRS,6,913,650
307,93,,"Nitro「Katastrophe」",FTR,9+,1108,990
308,94,,"月刊Toaster",PST,3,624,350
309,94,,"月刊Toaster",PRS,6,757,600
310,94,,"月刊Toaster",FTR,9,1058,960
311,95,,Kurorak,PST,2,609,250
312,95,,Kurorak,PRS,6,641,600
313,95,,Kurorak,FTR,8,983,840
314,95,,Toaster,BYD,9,1051,960
315,96,,OptoNuke,PST,2,237,250
316,96,,OptoNuke,PRS,6,450,600
317,96,,OptoNuke,FTR,8,684,810
318,97,,KURORAK,PST,3,453,300
319,97,,KURORAK,PRS,6,559,650
320,97,,KURORAK,FTR,9,1004,950
321,98,,Toaster,PST,3,535,300
322,98,,Toaster,PRS,5,553,550
323,98,,Toaster,FTR,8,898,820
324,99,,"THE TOAST",PST,2,438,250
325,99,,"THE TOAST",PRS,6,488,650
326,99,,"THE TOAST",FTR,9+,905,980
327,100,,"夜浪[Spherical]",PST,4,450,450
328,100,,"夜浪[Spherical]",PRS,7+,720,780
329,100,,"夜浪[Spherical]",FTR,10,1086,1030
330,101,,"東星※空の宝石",PST,4,507,450
331,101,,"東星※空の宝石",PRS,7,699,750
332,101,,"東星※空の宝石",FTR,10,1040,1000
333,102,,k//urorak,PST,3,566,300
334,102,,k//urorak,PRS,6,754,600
335,102,,k//urorak,FTR,9,975,920
336,103,,Nitro,PST,4,445,450
337,103,,Nitro,PRS,7,642,700
338,103,,Nitro,FTR,9,884,960
339,104,,Toaster,PST,4,544,400
340,104,,Toaster,PRS,5,579,550
341,104,,Toaster,FTR,9,952,920
342,105,,"0°Nitro",PST,3,484,350
343,105,,"0°Nitro",PRS,6,662,650
344,105,,"0°Nitro",FTR,9,920,910
345,106,,"Got More Taro?",PST,3,315,300
346,106,,"Got More Taro?",PRS,5,428,550
347,106,,"Got More Taro?",FTR,8+,712,890
348,106,,EXSCHWASiON,BYD,9,881,940
349,107,,"DX譜面作者フルメタルNitro",PST,3,327,300
350,107,,"DX譜面作者フルメタルNitro",PRS,6,556,600
351,107,,"DX譜面作者フルメタルNitro",FTR,9+,808,970
352,108,,Kurorak,PST,3,502,300
353,108,,Kurorak,PRS,6,616,650
354,108,,Kurorak,FTR,9,869,950
355,108,,NITRO,BYD,10,931,1030
356,109,,"闇運",PST,4,517,400
357,109,,"闇運",PRS,7,644,700
358,109,,"闇運",FTR,10,1130,1000
359,110,,"Groove 東星",PST,4,575,450
360,110,,"Groove 東星",PRS,7,832,750
361,110,,"Groove 東星",FTR,10+,1369,1070
362,111,,Kurorak,PST,3,476,350
363,111,,Kurorak,PRS,5,514,550
364,111,,"Kurorak + Nitro",FTR,9,947,920
365,111,,"Exschwasion -unbound-",BYD,10,1048,1050
366,112,,"",PST,4,712,400
367,112,,"",PRS,7,854,700
368,112,,"",FTR,8+,972,880
369,113,,chaos//engine,PST,2,845,200
370,113,,chaos//engine,PRS,5,826,500
371,113,,chaos//engine,FTR,8+,877,880
372,113,,"石樂",BYD,9,968,960
373,114,,"₸öα$†ε₹",PST,3,664,300
374,114,,"₸öα$†ε₹",PRS,6,847,650
375,114,,"₸öα$†ε₹",FTR,9+,1293,980
376,115,,"NitroNukeδ",PST,3,627,300
377,115,,"NitroNukeδ",PRS,7,785,750
378,115,,"NitroNukeδ",FTR,9+,1195,980
379,116,,"Nitro vanquish Toaster.",PST,4,430,400
380,116,,"Nitro vanquish Toaster.",PRS,7,756,750
381,116,,"Nitro vanquish Toaster.",FTR,10,1150,1000
382,116,"Vicious [ANTi] Heroism","[FUTiLE] Defiance",BYD,11,1772,1120
383,117,,"夜浪、旧支配者",PST,5,760,550
384,117,,"夜浪、旧支配者",PRS,8,984,840
385,117,,"夜浪、旧支配者",FTR,10+,1368,1070
386,118,,"Revoke Kurorak",PST,3,538,300
387,118,,"Revoke Kurorak",PRS,7,729,700
388,118,,"Revoke Kurorak",FTR,9,1047,910
389,119,,Toaster,PST,2,728,250
390,119,,Toaster,PRS,5,699,500
391,119,,Toaster,FTR,8+,959,870
392,120,,Nitro,PST,3,675,300
393,120,,Nitro,PRS,7,1002,700
394,120,,Nitro,FTR,9,1299,940
395,121,,"東超新星",PST,3,664,300
396,121,,"東超新星",PRS,6,564,600
397,121,,"東超新星",FTR,9+,1123,970
398,122,,"•Nitro•",PST,3,453,300
399,122,,"•Nitro•",PRS,6,522,600
400,122,,"•Nitro•",FTR,8,739,830
401,123,,"Arcaea Charting Team【Royal Flush】",PST,4,444,450
402,123,,"Arcaea Charting Team【Royal Flush】",PRS,6,572,650
403,123,,"Arcaea Charting Teamからの挑戦状 ",FTR,10,1035,1040
404,124,,"先史の機械神【夜浪】",PST,3,656,350
405,124,,"先史の機械神【夜浪】",PRS,7,976,750
406,124,,"先史の機械神【夜浪】",FTR,10,1347,1030
407,125,,"処刑人【東星】",PST,2,529,250
408,125,,"処刑人【東星】",PRS,5,759,550
409,125,,"処刑人【東星】",FTR,10+,1452,1070
410,126,,Nitro,PST,4,715,400
411,126,,Nitro,PRS,7,897,700
412,126,,"Astronomer (Toaster + 東星)",FTR,9+,1099,970
413,128,,Toaster,PST,4,721,400
414,128,,Toaster,PRS,6,899,650
415,128,,"Nitro vs Toaster",FTR,9,1075,960
416,129,,Kurorak,PST,4,766,450
417,129,,Kurorak,PRS,7,869,750
418,129,,"Black Tea",FTR,9+,1101,990
419,129,,"東星※天の門",BYD,10+,1534,1080
420,130,,"夜浪 vs Nitro",PST,5,672,550
421,130,,"夜浪 vs Nitro",PRS,8,860,840
422,130,,"夜浪 vs Nitro",FTR,10+,1146,1080
423,131,,TaroNuke,PST,3,388,300
424,131,,TaroNuke,PRS,6,503,600
425,131,,TaroNuke,FTR,8+,650,890
426,132,,N[I]TRO,PST,3,436,350
427,132,,N[I]TRO,PRS,6,623,650
428,132,,N[I]TRO,FTR,9,989,940
429,133,,"恋のToaster",PST,3,422,350
430,133,,"恋のToaster",PRS,7,670,750
431,133,,"恋のToaster",FTR,9,931,960
432,134,,Kurorak,PST,3,581,300
433,134,,Kurorak,PRS,5,535,550
434,134,,Kurorak,FTR,8,724,830
435,135,,"夜浪",PST,4,624,450
436,135,,"夜浪",PRS,7,893,750
437,135,,"夜浪",FTR,10,1173,1020
438,136,,"東星※おおいぬ座β星",PST,4,662,400
439,136,,"東星※おおいぬ座β星",PRS,7,885,750
440,136,,"東星※おおいぬ座β星",FTR,9+,1303,990
441,137,,Kurorak,PST,2,452,250
442,137,,Kurorak,PRS,5,472,550
443,137,,Kurorak,FTR,8,709,810
444,138,,"N↓TRO",PST,4,589,400
445,138,,"N↓TRO",PRS,7,782,700
446,138,,"N↓TRO",FTR,8,1023,860
447,138,,TO4STER,BYD,9+,1336,980
448,139,,"東星※紅空",PST,4,868,450
449,139,,"東星※紅空",PRS,7,999,700
450,139,,"東星※紅空",FTR,10,1479,1050
451,140,,"N↕TRO",PST,4,621,450
452,140,,"N↕TRO",PRS,7+,756,780
453,140,,"N↕TRO",FTR,9+,974,970
454,141,,Toaster,PST,3,855,350
455,141,,Toaster,PRS,7,909,750
456,141,,Toaster,FTR,9+,1560,980
457,142,,k//eternal,PST,3,627,300
458,142,,k//eternal,PRS,5,722,550
459,142,,k//eternal,FTR,8+,964,870
460,143,,Toaster,PST,4,582,450
461,143,,Toaster,PRS,7+,780,780
462,143,,Toaster,FTR,9+,991,970
463,144,,"Avant Toast",PST,3,580,350
464,144,,"Avant Toast",PRS,6,727,650
465,144,,"Avant Toast",FTR,9,1125,960
466,145,,Nitro,PST,3,476,350
467,145,,Nitro,PRS,6,677,650
468,145,,"Arcaea Team",FTR,9+,1042,970
469,146,,Toaster,PST,3,447,350
470,146,,Toaster,PRS,6,651,650
471,146,,Toaster,FTR,9,956,910
472,146,,"Nitro 「The Forsaken」",BYD,10,1161,1000
473,147,,"Requiem TaroNuke",PST,4,582,400
474,147,,"Requiem TaroNuke",PRS,7,767,700
475,147,,"Requiem TaroNuke",FTR,9+,1159,980
476,147,,"~REQUIEM~ 夜浪",BYD,10+,1857,1090
477,148,,NITRO,PST,5,609,500
478,148,,NITRO,PRS,8,836,830
479,148,,NITRO,FTR,10,976,1030
480,149,,"最強FUMEN (夜浪 ft. 東星)",PST,5,654,550
481,149,,"最強FUMEN (夜浪 ft. 東星)",PRS,9,1067,940
482,149,,"最強FUMEN (夜浪 ft. 東星)",FTR,11,1384,1100
483,150,,toaster.chart(this);,PST,3,452,350
484,150,,toaster.chart(this);,PRS,5,582,500
485,150,,toaster.chart(this);,FTR,8,851,800
486,151,,"過去の縁",PST,3,400,350
487,151,,"現在の縁",PRS,7+,683,780
488,151,,"未来の縁",FTR,9+,1015,970
489,152,,Toaster,PST,3,574,350
490,152,,Toaster,PRS,5,517,500
491,152,,Toaster,FTR,8,956,830
492,152,,"Nitro 「The Forgotten」",BYD,9+,1021,970
493,153,,Nitro,PST,4,504,400
494,153,,Nitro,PRS,7,711,750
495,153,,Nitro,FTR,9+,1199,970
496,154,,"夜浪「月食」",PST,4,438,450
497,154,,"夜浪「月食」",PRS,7+,615,780
498,154,,"夜浪「月食」",FTR,10,1077,1060
499,155,,Kurorak,PST,3,587,350
500,155,,Kurorak,PRS,6,724,650
501,155,,Kurorak,FTR,9,951,940
502,156,,Toaster,PST,4,431,450
503,156,,Toaster,PRS,7+,738,780
504,156,,Toaster,FTR,9+,1142,990
505,157,,"Darkest Dream",PST,4,684,400
506,157,,"Darkest Dream",PRS,7+,871,780
507,157,,"Darkest Dream",FTR,9+,1154,980
508,158,,"夜浪",PST,5,731,500
509,158,,"東星",PRS,8,843,820
510,158,,"夜浪 X 東星 ""The Lost""",FTR,10+,1476,1080
511,159,,"夜浪",PST,5,765,550
512,159,,"夜浪",PRS,9,1144,920
513,159,,"夜浪 VS 東星 ""Convergence""",FTR,11,1576,1110
514,160,,"Prelude - Ouverture",PST,7,919,700
515,160,,"Convergence - Intermezzo",PRS,9,1034,950
516,160,,"Onslaught - Crescendo",FTR,10+,1254,1070
517,160,,"Finale - The Tempest",BYD,11,1540,1170
518,161,,"∅",PST,4,818,450
519,161,,"∅",PRS,7+,884,780
520,161,,"∅",FTR,9+,1065,990
521,162,,Kurorak,PST,2,357,250
522,162,,Kurorak,PRS,5,424,550
523,162,,Kurorak,FTR,9+,690,980
524,163,,CERiNG,PST,3,676,350
525,163,,CERiNG,PRS,5,817,550
526,163,,CERiNG,FTR,8+,948,890
527,164,,Exschwasion,PST,3,653,300
528,164,,Exschwasion,PRS,6,687,650
529,164,,Exschwasion,FTR,9+,965,970
530,165,,Nitro,PST,4,559,400
531,165,,Nitro,PRS,6,628,650
532,165,,Nitro,FTR,8,817,860
533,166,,TaroNuke,PST,2,447,200
534,166,,TaroNuke,PRS,5,658,500
535,166,,TaroNuke,FTR,8+,885,880
536,167,,Nitro,PST,2,411,250
537,167,,Nitro,PRS,6,539,650
538,167,,Nitro,FTR,8,758,820
539,168,,"赤Nitro",PST,4,570,400
540,168,,"赤Nitro",PRS,7,711,750
541,168,,"赤Nitro",FTR,9+,1195,980
542,169,,Nitro,PST,3,587,300
543,169,,Nitro,PRS,6,711,600
544,169,,Nitro,FTR,9,809,910
545,170,,Toaster,PST,3,594,350
546,170,,Toaster,PRS,6,636,650
547,170,,Toaster,FTR,9,947,930
548,171,,Nitro,PST,3,345,300
549,171,,Nitro,PRS,6,579,650
550,171,,Nitro,FTR,9,873,940
551,171,,"én 200716",BYD,9+,954,970
552,172,,Nitro,PST,3,422,300
553,172,,Nitro,PRS,6,632,650
554,172,,"TaroNuke + Nitro",FTR,9,828,950
555,173,,Toaster,PST,4,532,400
556,173,,Toaster,PRS,7,595,700
557,173,,"BADTOAST ft. Kurorak",FTR,9+,916,970
558,174,,"×NITRO×",PST,4,510,400
559,174,,"×NITRO×",PRS,7+,706,780
560,174,,"×NITRO×",FTR,10,1126,1020
561,175,,"Groove Nitro",PST,3,322,300
562,175,,"Groove Nitro",PRS,6,509,650
563,175,,"Groove Nitro",FTR,9+,794,980
564,176,,"夜浪",PST,5,850,500
565,176,,"夜浪",PRS,8,1046,860
566,176,,"東星 vs 夜浪 《BERSERK》",FTR,10+,1412,1080
567,177,,"Nitrome X",PST,3,474,350
568,177,,"Nitrome X",PRS,6,572,600
569,177,,"Nitrome X",FTR,9+,1013,990
570,178,,Exschwasion,PST,4,653,400
571,178,,Exschwasion,PRS,6,810,650
572,178,,Exschwasion,FTR,9,1094,940
573,179,,"東星※空の宝石",PST,3,383,300
574,179,,"東星※空の宝石",PRS,7,643,750
575,179,,"東星※空の宝石",FTR,9+,1048,980
576,180,,CERiNG,PST,2,391,200
577,180,,CERiNG,PRS,6,520,600
578,180,,CERiNG,FTR,9,920,940
579,181,,XERiNG,PST,4,735,400
580,181,,eXschwasion,PRS,7,938,750
581,181,,"XERiNG × eXschwasion × NitromeX",FTR,10,1232,1000
582,182,,Exschwasion,PST,4,558,400
583,182,,Exschwasion,PRS,7,664,750
584,182,,Exschwasion,FTR,9,1023,960
585,182,,"/ERROR/ 絶滅",BYD,10,1202,1060
586,183,,Toaster,PST,2,436,250
587,183,,Toaster,PRS,6,618,650
588,183,,Toaster,FTR,9,872,920
589,184,,Nitro,PST,2,313,200
590,184,,Nitro,PRS,5,483,550
591,184,,Nitro,FTR,8,732,840
592,185,,Kurorak,PST,3,644,350
593,185,,Kurorak,PRS,6,660,600
594,185,,Kurorak,FTR,9,999,910
595,186,,"Nitroだー！",PST,4,531,400
596,186,,"Nitroだー！",PRS,6,622,600
597,186,,"Nitroだー！",FTR,9,841,900
598,187,,"東星",PST,4,463,400
599,187,,"東星",PRS,7,624,750
600,187,,"東星",FTR,10,1153,1040
601,188,,CERiNG,PST,2,526,250
602,188,,CERiNG,PRS,6,634,600
603,188,,CERiNG,FTR,8+,703,870
604,189,,"TaroNuke + Nitro",PST,3,506,300
605,189,,"TaroNuke + Nitro",PRS,5,543,550
606,189,,"TaroNuke + Nitro",FTR,9+,1112,970
607,190,,"Yours Sincerely, 夜浪",PST,4,535,400
608,190,,"Yours Sincerely, 夜浪",PRS,7,674,750
609,190,,"Yours Sincerely, 夜浪",FTR,10,998,1030
610,191,,"Nitro without Toaster.",PST,2,462,250
611,191,,"Nitro without Toaster.",PRS,6,647,600
612,191,,"Nitro without Toaster.",FTR,9,1031,960
613,192,,"Kuro rak",PST,3,561,350
614,192,,"Kuro rak",PRS,6,571,650
615,192,,"Kuro rak",FTR,9+,1022,970
616,193,,"東星の涙",PST,4,716,400
617,193,,"東星の涙",PRS,7+,942,780
618,193,,"東星の涙",FTR,10,1403,1030
619,194,,"τ0",PST,3,816,350
620,194,,"τ0",PRS,7+,943,780
621,194,,"τ0",FTR,10+,1393,1080
622,195,,"Nitro-100号",PST,2,363,200
623,195,,"Nitro-100号",PRS,5,544,550
624,195,,"Nitro-100号",FTR,8,697,860
625,196,,"石樂",PST,3,360,300
626,196,,"石樂",PRS,7+,739,780
627,196,,"石樂",FTR,9+,925,990
628,197,,"Nitro!+9牛乳",PST,3,508,350
629,197,,"Nitro!+99牛乳",PRS,6,568,650
630,197,,"Nitro!+999牛乳",FTR,10,1073,1000
631,198,,"AMAZING TOASTYYYY!!!!",PST,4,624,450
632,198,,"AMAZING TOASTYYYY!!!!",PRS,7+,776,780
633,198,,"AMAZING TOASTYYYY!!!!",FTR,10+,1249,1070
634,199,,"Nitro -EXTRA ROUND-",PST,4,773,450
635,199,,"Nitro -EXTRA ROUND-",PRS,7+,988,780
636,199,,"Nitro -EXTRA ROUND-",FTR,10,1367,1040
637,200,,"Nitro affected by 'CHUNITHM'",PST,3,969,350
638,200,,"Nitro affected by 'CHUNITHM'",PRS,6,994,650
639,200,,"Nitro affected by 'CHUNITHM'",FTR,10,1475,1040
640,201,,"神の啓示「人類の限界」",PST,5,814,550
641,201,,"神の啓示「人類の希望」",PRS,8,1070,850
642,201,,"神の啓示「人類の未来」",FTR,10+,1522,1090
643,202,,Exschwasion,PST,4,504,400
644,202,,Exschwasion,PRS,7,666,750
645,202,,Exschwasion,FTR,9,916,930
646,203,,"Toaster affected by 'CHUNITHM'",PST,4,732,400
647,203,,"Toaster affected by 'CHUNITHM'",PRS,8,1002,830
648,203,,"Toaster affected by 'CHUNITHM'",FTR,10,1433,1060
649,204,,Toaster,PST,2,436,200
650,204,,Toaster,PRS,4,617,450
651,204,,Toaster,FTR,8,759,860
652,205,,"竹の子",PST,3,499,300
653,205,,"竹の子",PRS,6,631,650
654,205,,"竹の子",FTR,10,1050,1000
655,206,,"夜浪",PST,3,582,350
656,206,,"夜浪",PRS,7,737,750
657,206,,"夜浪",FTR,10,1093,1050
658,207,,"トースト食べる？笑",PST,3,415,300
659,207,,"トースト食べる？笑",PRS,6,548,650
660,207,,"トースト食べる？笑",FTR,9,861,930
661,208,,Nitro,PST,3,398,350
662,208,,Nitro,PRS,6,437,600
663,208,,Nitro,FTR,9,674,910
664,209,,CERiNG,PST,2,348,200
665,209,,CERiNG,PRS,5,487,500
666,209,,CERiNG,FTR,8+,793,870
667,210,,Exschwasion,PST,3,571,350
668,210,,Exschwasion,PRS,6,653,650
669,210,,Exschwasion,FTR,9,872,940
670,211,,Toaster,PST,4,656,450
671,211,,Toaster,PRS,7+,769,780
672,211,,Toaster,FTR,9+,1322,980
673,212,,"絶滅",PST,3,642,350
674,212,,"絶滅",PRS,7,850,700
675,212,,"絶滅",FTR,10,1235,1020
676,213,,"⟨RECORD START⟩ 0:",PST,5,973,550
677,213,,"⟨OBSRV⟩ boundary(?°a,?°A)",PRS,9,1235,910
678,213,,"L₆ː The Void",FTR,11,1568,1120
679,214,,Exschwasion,PST,3,355,300
680,214,,Exschwasion,PRS,6,479,600
681,214,,Exschwasion,FTR,9,732,910
682,215,,"ΤΟΑΣΤΕΡ",PST,4,717,400
683,215,,"ΤΟΑΣΤΕΡ",PRS,7+,909,780
684,215,,"ΤΟΑΣΤΕΡ",FTR,9,1092,950
685,216,,"夜浪",PST,5,854,500
686,216,,"夜浪",PRS,8,1038,850
687,216,,"夜浪",FTR,10,1251,1060
688,217,,Kurorak,PST,3,668,350
689,217,,Kurorak,PRS,7,685,700
690,217,,Kurorak,FTR,9+,1087,970
691,218,,Toaster,PST,2,419,250
692,218,,Toaster,PRS,6,659,600
693,218,,Toaster,FTR,9,979,900
694,219,,"東星 vs Toaster",PST,3,749,300
695,219,,"東星 vs Toaster",PRS,7,919,700
696,219,,"東星 vs Toaster",FTR,9+,1304,980
697,220,,"夜浪 vs Nitro",PST,5,860,500
698,220,,"夜浪 vs Nitro",PRS,8+,1051,890
699,220,,"夜浪 vs Nitro",FTR,10+,1212,1070
700,221,,Exschwasion,PST,3,576,350
701,221,,Exschwasion,PRS,6,684,650
702,221,,Exschwasion,FTR,9,969,930
703,222,,"NITRO -unconnected-",PST,4,995,400
704,222,,"NITRO -unconnected-",PRS,8,988,860
705,222,,"NITRO -unconnected-",FTR,10,1252,1000
706,223,,Exschwasion,PST,4,544,400
707,223,,Exschwasion,PRS,7,762,750
708,223,,"N•Ex•T",FTR,10,1132,1060
709,224,,"én",PST,3,548,300
710,224,,"én",PRS,6,727,650
711,224,,"én",FTR,9,919,930
712,225,,CERiNG,PST,3,728,300
713,225,,CERiNG,PRS,6,881,600
714,225,,CERiNG,FTR,9+,1277,970
715,226,,"東星※神授",PST,4,798,450
716,226,,"東星※神授",PRS,7+,835,780
717,226,,"東星※神授",FTR,10+,1021,1080
718,227,,Exschwasion,PST,3,453,300
719,227,,Exschwasion,PRS,7+,704,780
720,227,,Exschwasion,FTR,9+,952,980
721,228,,CERiNG,PST,2,425,250
722,228,,CERiNG,PRS,6,496,600
723,228,,CERiNG,FTR,8+,749,870
724,228,,"XIII: The Journey/Nitro",BYD,10,1044,1020
725,229,,"én",PST,2,448,250
726,229,,"én",PRS,6,649,650
727,229,,"én",FTR,9,932,940
728,230,,Toaster,PST,4,832,450
729,230,,Toaster,PRS,8+,1025,890
730,230,,Toaster,FTR,10+,1483,1080
731,231,,Nitro,PST,3,608,300
732,231,,Nitro,PRS,6,819,650
733,231,,Nitro,FTR,9,1049,940
734,232,,Nitro,PST,4,671,400
735,232,,Nitro,PRS,7+,795,780
736,232,,"東星※恣意",FTR,10,1134,1050
737,233,,"Nitroだー！",PST,4,530,400
738,233,,"Nitroだー！",PRS,7,638,700
739,233,,"Nitroだー！",FTR,9,922,950
740,234,,Toaster,PST,3,494,350
741,234,,Toaster,PRS,5,645,500
742,234,,Toaster,FTR,8,776,820
743,235,,"POWER NITRO",PST,3,471,350
744,235,,"POWER NITRO",PRS,7,608,700
745,235,,"POWER NITRO",FTR,9,922,960
746,236,,"_ P A S T",PST,4,580,400
747,236,,"_ P R E S E N T",PRS,8,870,810
748,236,,"_ F U T U R E",FTR,10,1353,1010
749,237,,Exschwasion,PST,4,864,400
750,237,,Exschwasion,PRS,6,880,650
751,237,,Exschwasion,FTR,9+,1326,970
752,238,,Nitro,PST,3,726,350
753,238,,Nitro,PRS,7,901,750
754,238,,Nitro,FTR,9,1209,940
755,238,,Toaster,BYD,10,1339,1020
756,239,,"絶滅",PST,4,570,450
757,239,,"絶滅",PRS,7,717,750
758,239,,"絶滅",FTR,10,1088,1020
759,240,,Nitro,PST,2,428,250
760,240,,Nitro,PRS,5,566,500
761,240,,"Nitro missing Toaster.",FTR,8+,773,880
762,241,,"CER↑NG",PST,3,455,300
763,241,,"CER↑NG",PRS,6,626,600
764,241,,"Exschwas↑on with CER↑NG",FTR,9+,1023,980
765,242,,Nitro,PST,4,565,450
766,242,,Nitro,PRS,8,837,850
767,242,,"Nitro with Toaster.",FTR,10,1292,1060
768,243,,"夏のNitro",PST,3,478,300
769,243,,"夏のNitro",PRS,6,641,650
770,243,,"夏のNitro",FTR,9+,1088,990
771,244,,Nitro,PST,2,366,250
772,244,,Nitro,PRS,4,442,450
773,244,,Nitro,FTR,7+,578,780
774,245,,CERiNG,PST,2,595,200
775,245,,CERiNG,PRS,6,669,600
776,245,,CERiNG,FTR,9,955,910
777,246,,Exschwasion,PST,3,449,350
778,246,,Exschwasion,PRS,6,622,650
779,246,,Exschwasion,FTR,9,850,930
780,247,,"Nitro × Toaster",PST,4,603,400
781,247,,"Nitro × Toaster",PRS,7+,791,780
782,247,,"Nitro × Toaster",FTR,9+,979,970
783,248,,"東星",PST,4,611,450
784,248,,"東星",PRS,7+,811,780
785,248,,"東星",FTR,10,1192,1050
786,249,,antymis,PST,2,333,250
787,249,,antymis,PRS,6,438,600
788,249,,antymis,FTR,8+,580,890
789,250,,CERiNG,PST,3,625,350
790,250,,CERiNG,PRS,6,684,650
791,250,,CERiNG,FTR,9,1056,940
792,251,,"秋のén",PST,3,533,350
793,251,,"秋のén",PRS,7,733,700
794,251,,"秋のén",FTR,9+,1077,980
795,252,,Toaster,PST,4,550,450
796,252,,Toaster,PRS,7,645,700
797,252,,Toaster,FTR,10,931,1010
798,253,,Toaster,PST,4,713,400
799,253,,Toaster,PRS,7,957,750
800,253,,Toaster,FTR,9+,1204,980
801,254,,"Nitro Ch.",PST,3,430,300
802,254,,"Nitro Ch.",PRS,6,578,650
803,254,,"Nitro Ch.",FTR,8,657,840
804,255,,"én",PST,3,526,350
805,255,,"én",PRS,6,571,650
806,255,,"én",FTR,9,837,940
807,256,,"moonquay [CON]",PST,3,407,300
808,256,,"moonquay [AUX]",PRS,7,410,750
809,256,,"moonquay [NUL]",FTR,9,715,950
810,257,,"Exschwas↕on",PST,4,608,400
811,257,,"Exschwas↕on",PRS,7+,794,780
812,257,,"Exschwas↕on",FTR,9+,1117,980
813,258,,Toaster,PST,4,591,400
814,258,,Toaster,PRS,7,840,750
815,258,,Toaster,FTR,10,1328,1020
816,259,,NITRO,PST,4,639,450
817,259,,NITRO,PRS,7+,770,780
818,259,,NITRO,FTR,10,1183,1040
819,260,,"Aster -Får i Vaaris-",PST,3,459,300
820,260,,"Aster -Får i Vaaris-",PRS,6,607,600
821,260,,"Aster -Får i Vaaris-",FTR,8,851,830
822,261,,"夜浪",PST,4,540,450
823,261,,"夜浪",PRS,8,765,850
824,261,,"夜浪",FTR,10,1100,1050
825,262,,Nitro,PST,4,570,400
826,262,,Nitro,PRS,7,725,700
827,262,,Nitro,FTR,9,1061,940
828,263,,"én",PST,2,363,250
829,263,,"én",PRS,6,484,650
830,263,,"én",FTR,8,653,850
831,264,,CERiNG,PST,2,476,200
832,264,,CERiNG,PRS,5,544,500
833,264,,CERiNG,FTR,8,785,800
834,265,,"antymis <prototype>",PST,3,510,300
835,265,,"antymis <prototype>",PRS,7,633,700
836,265,,"antymis <prototype>",FTR,9+,1042,980
837,266,,"東星",PST,4,848,450
838,266,,"東星",PRS,7,935,700
839,266,,"東星",FTR,10+,1521,1080
840,267,,"Translated by én",PST,2,543,200
841,267,,"Translated by én",PRS,6,723,600
842,267,,"Translated by én",FTR,9,1049,940
843,268,,antymis,PST,3,417,300
844,268,,antymis,PRS,6,593,600
845,268,,antymis,FTR,9,891,920
846,269,,"N↕TRO v1.0.5",PST,3,825,350
847,269,,"N↕TRO v1.0.5",PRS,7,986,750
848,269,,"N↕TRO v1.0.5",FTR,9+,1256,970
849,270,,CERiNG,PST,3,670,350
850,270,,CERiNG,PRS,6,783,600
851,270,,CERiNG,FTR,8,1046,830
852,271,,antymis,PST,2,670,250
853,271,,antymis,PRS,6,828,600
854,271,,antymis,FTR,8,830,850
855,272,,"antymis ~無色~",PST,4,568,400
856,272,,"antymis ~彩色~",PRS,6,680,650
857,272,,"antymis ~虹色~",FTR,9,886,940
858,273,,"CERiNG + Nitro",PST,4,876,450
859,273,,"CERiNG + Nitro",PRS,7+,898,780
860,273,,"CERiNG + Nitro",FTR,9+,1074,990
861,274,,"én -胡蝶の夢-",PST,4,374,400
862,274,,"én -胡蝶の夢-",PRS,7+,684,780
863,274,,"én -胡蝶の夢-",FTR,10,1099,1040
864,275,,"Monolith Incarnate",PST,3,588,350
865,275,,"Monolith Incarnate",PRS,6,800,650
866,275,,"Monolith Incarnate",FTR,9+,1141,980
867,276,,"Inner Labyrinth",PST,4,888,400
868,276,,"Inner Labyrinth",PRS,7,1081,750
869,276,,"Inner Labyrinth",FTR,9+,1511,990
870,276,,"Inner Labyrinth",BYD,10+,1633,1090
871,277,,"Imaginary Sky",PST,4,616,400
872,277,,"Imaginary Sky",PRS,7+,850,780
873,277,,"Imaginary Sky",FTR,10,1225,1000
874,277,,"Imaginary Sky",BYD,11,1661,1110
875,278,,"Paradox Blight",PST,7,911,700
876,278,,"Paradox Blight",PRS,8+,1055,870
877,278,,"Paradox Blight",FTR,10,1345,1040
878,278,,"Paradox Blight",BYD,11,1741,1150
879,279,,"Eye of the Storm",PST,5,1097,550
880,279,,"Eye of the Storm",PRS,8+,1310,870
881,279,,"Eye of the Storm",FTR,10,1792,1050
882,279,,"Eye of the Storm",BYD,11,2134,1160
883,280,,"Eternal¦PAST",PST,7+,1001,780
884,280,,"Adverse¦PRESENT",PRS,9,1225,940
885,280,,"Black¦FUTURE",FTR,10+,1766,1090
886,280,,"Silent¦END",BYD,12,2221,1200
887,281,,"Final Prayer",PST,3,537,350
888,281,,"Final Prayer",PRS,6,630,650
889,281,,"Final Prayer",FTR,9+,850,970
890,282,,Arcaea,PST,4,680,400
891,282,,Arcaea,PRS,7,781,700
892,282,,Arcaea,FTR,9,831,900
893,282,"Last | Moment",Arcaea,BYD,9,888,960
894,283,,Arcaea,BYD,9+,790,970
895,284,,"Forlorn Dream",PST,3,1024,350
896,284,,"Forlorn Dream",PRS,7,989,750
897,284,,"Forlorn Dream",FTR,9+,1222,980
898,285,,"écologie (from SEGA)",PST,1,428,100
899,285,,"écologie (from SEGA)",PRS,5,575,500
900,285,,"écologie (from SEGA)",FTR,9,872,960
901,286,,"moonquay【新入生】",PST,3,694,350
902,286,,"moonquay v.EXPERT",PRS,6,732,650
903,286,,"moonquay v.MASTER",FTR,9+,1066,980
904,287,,Toaster,PST,3,787,350
905,287,,Toaster,PRS,6,946,650
906,287,,Toaster,FTR,9+,1329,980
907,288,,"絶滅",PST,4,679,450
908,288,,"絶滅",PRS,7,696,750
909,288,,"絶滅",FTR,10,1084,1060
910,289,,"夜浪",PST,5,826,500
911,289,,"夜浪「ノブレス・オブリージュ」",PRS,8,885,850
912,289,,"[漆黒の執行者] 夜浪",FTR,11,1385,1100
913,290,,Exschwasion,PST,4,662,450
914,290,,Exschwasion,PRS,7,785,750
915,290,,"Exschwasion -unbound-",FTR,10,1132,1000
916,291,,Nitro,PST,3,525,300
917,291,,Nitro,PRS,7,687,700
918,291,,Nitro,FTR,9,1025,920
919,292,,"0°Nitro",PST,4,884,450
920,292,,"0°Nitro",PRS,7+,904,780
921,292,,"0°Nitro",FTR,10,1159,1020
922,293,,"Nitroです。",PST,3,393,300
923,293,,"Nitroです。",PRS,6,548,600
924,293,,"Nitroです。",FTR,8+,684,880
925,294,,"Lovely Visitor「Toaster」",PST,3,468,300
926,294,,"Lovely Visitor「Toaster」",PRS,6,610,600
927,294,,"Lovely Visitor「Toaster」",FTR,8+,740,870
928,295,,ANTyMIS,PST,3,575,300
929,295,,ANTyMIS,PRS,7,760,700
930,295,,ANTyMIS,FTR,9,1014,940
931,296,,"én",PST,3,777,350
932,296,,"én",PRS,7,999,700
933,296,,"én supported by Nitro",FTR,9+,1387,980
934,297,,Aster,PST,4,769,450
935,297,,Aster,PRS,7+,886,780
936,297,,"Aster join Toaster.",FTR,9+,1191,990
937,298,,"夜浪 -Annales Historiae-",PST,5,928,500
938,298,,"夜浪 -Annales Historiae-",PRS,8+,1077,890
939,298,,"夜浪 -Annales Historiae-",FTR,10,1264,1050
940,299,,"夜浪",PST,4,990,450
941,299,,"夜浪",PRS,8+,1098,880
942,299,,"東星 vs 夜浪《APOPHÄNIE》",FTR,10+,1299,1070
943,300,,Toaster,PST,4,727,400
944,300,,Toaster,PRS,8,1079,800
945,300,,Toaster,FTR,10,1313,1060
946,301,,NITR<O>,PST,4,698,400
947,301,,NITR<O>,PRS,7+,875,780
948,301,,NITR<O>,FTR,10,1286,1060
949,302,,"絶滅 Exschwasion 絶滅 Exschwasion",PST,3,719,350
950,302,,"絶滅 Exschwasion 絶滅 Exschwasion",PRS,6,709,650
951,302,,"絶滅 Exschwasion 絶滅 Exschwasion",FTR,10,1126,1030
952,303,,Luxance,PST,3,541,300
953,303,,Luxance,PRS,7,963,700
954,303,,Luxance,FTR,9+,1177,970
955,304,,Nitro,PST,2,389,200
956,304,,N-Helix,PRS,5,430,500
957,304,,N-Helix,FTR,8+,695,880
958,305,,EXSCHWASION,PST,3,696,350
959,305,,EXSCHWASION,PRS,6,760,650
960,305,,EXSCHWASION,FTR,9+,1184,990
961,306,,Nitro,PST,4,594,450
962,306,,Nitro,PRS,7+,782,780
963,306,,"東星",FTR,10,1190,1060
964,307,,EXtINcTiON,PST,5,627,500
965,307,,EXtINcTiON,PRS,8,768,820
966,307,,EXtINcTiON,FTR,10+,1099,1090
967,308,,"東星※原初の灯",PST,5,785,550
968,308,,"東星※原初の灯",PRS,8+,1073,880
969,308,,"東星※原初の灯",FTR,10+,1524,1080
970,309,,"Nitro NEW!!",PST,2,352,250
971,309,,"Nitro NEW!!",PRS,6,591,600
972,309,,"Nitro NEW!!",FTR,8+,809,880
973,310,,"ÉCOLOGIE IMPACT",PST,3,723,350
974,310,,"ÉN IMPACT",PRS,7+,913,780
975,310,,"én feat. écologie",FTR,9,1231,960
976,310,,"Toaster NEW!!",BYD,10,1392,1040
977,311,,Exschwasion,PST,4,587,400
978,311,,Exschwasion,PRS,7,838,700
979,311,,Exschwasion,FTR,9+,867,980
980,312,,"絶滅",PST,4,561,450
981,312,,"絶滅",PRS,7,784,750
982,312,,"絶滅",FTR,10,1183,1010
983,313,,"夜浪 <->",PST,4,794,450
984,313,,"夜浪 <->",PRS,7+,764,780
985,313,,"夜浪 <->",FTR,10+,1203,1080
986,314,,"ポーカーフェイスのToaster",PST,3,602,350
987,314,,"ポーカーフェイスのToaster",PRS,7,780,700
988,314,,"ポーカーフェイスのToaster",FTR,9,1123,930
989,315,,Nitro,PST,2,421,250
990,315,,Nitro,PRS,6,598,650
991,315,,"antymis + Nitro",FTR,9,733,950
992,316,,Nitro,PST,3,817,350
993,316,,Nitro,PRS,6,750,650
994,316,,Nitro,FTR,9+,1100,990
995,317,,"Exschwasion 「CHECK」",PST,4,762,450
996,317,,"Exschwasion 「RAISE」",PRS,7,803,700
997,317,,"Exschwasion 「ALL IN」",FTR,9+,1091,990
998,318,,"én",PST,3,513,300
999,318,,"én",PRS,6,694,650
1000,318,,"én",FTR,9,813,900
1001,319,,Luxance,PST,3,476,300
1002,319,,Luxance,PRS,6,630,600
1003,319,,Luxance,FTR,9,838,900
1004,320,,Nitro,PST,3,907,350
1005,320,,Nitro,PRS,6,908,650
1006,320,,Nitro,FTR,9+,1179,970
1007,321,,Exschwasion,PST,4,757,450
1008,321,,Exschwasion,PRS,7+,973,780
1009,321,,Exschwasion,FTR,9+,1196,980
1010,322,,"Nitroだー！",PST,5,928,500
1011,322,,"Nitroだー！",PRS,8+,1154,890
1012,322,,"Nitroだー！",FTR,10,1392,1040
1013,323,,"該当チャンネルが停止されたため、
この譜面は再生できません。",PST,4,677,450
1014,323,,"該当チャンネルが停止されたため、
この譜面は再生できません。",PRS,7+,987,780
1015,323,,"該当チャンネルが停止されたため、
この譜面は再生できません。",FTR,10,1222,990
1016,324,,CERiNG,PST,2,325,250
1017,324,,CERiNG,PRS,4,390,450
1018,324,,CERiNG,FTR,8,701,810
1019,325,,"₸öα$†ε₹",PST,4,490,400
1020,325,,"₸öα$†ε₹",PRS,7+,692,780
1021,325,,"₸öα$†ε₹",FTR,9+,1129,990
1022,326,,"Toaster vs ₸öα$†ε₹",PST,4,634,450
1023,326,,"Toaster vs ₸öα$†ε₹",PRS,8+,1006,890
1024,326,,"Toaster vs ₸öα$†ε₹",FTR,10,1341,1050
1025,327,,"絶滅",PST,5,646,550
1026,327,,"絶滅",PRS,7,848,750
1027,327,,"絶滅",FTR,10+,1369,1090
1028,328,,Luxance,PST,4,537,400
1029,328,,Luxance,PRS,6,675,650
1030,328,,"Luxance + Nitro",FTR,9,799,920
1031,329,,"Arcaea Charting Team",PST,3,828,350
1032,329,,"Arcaea Charting Team",PRS,6,1008,650
1033,329,,"Arcaea Charting Team【Full Flavor】",FTR,9+,1405,990
1034,330,,"antymīs",PST,2,395,200
1035,330,,"antymīs",PRS,5,446,500
1036,330,,"antymīs",FTR,8,592,850
1037,331,,_NITRO,PST,3,380,350
1038,331,,_HARD,PRS,7,624,700
1039,331,,_CHAOS,FTR,9,872,940
1040,332,,"終点",PST,4,637,400
1041,332,,"終点",PRS,7+,774,780
1042,332,,"終点",FTR,10,1294,1030
1043,333,,"Corrupted data
Recovery progress......100%",PST,5,690,500
1044,333,,Main_Log_702_10_25,PRS,8+,816,890
1045,333,,Cam_Library_702_12_29,FTR,10+,1051,1080
1046,334,,Lacrimosa,PST,4,625,450
1047,334,,Lacrimosa,PRS,7+,726,780
1048,334,,Lacrimosa,FTR,10,895,1020
1049,335,,Luxance,PST,3,548,350
1050,335,,Luxance,PRS,7,779,750
1051,335,,Luxance,FTR,9+,958,970
1052,336,,"NO₂",PST,4,652,400
1053,336,,"NO₂",PRS,7+,803,780
1054,336,,"NO₂",FTR,9+,1131,980
1055,337,,"én",PST,2,596,250
1056,337,,"én",PRS,7+,636,780
1057,337,,"én",FTR,8+,861,870
1058,338,,Exschwasion,PST,3,697,300
1059,338,,Exschwasion,PRS,7,797,700
1060,338,,Exschwasion,FTR,9,1030,940
1061,339,,"N⇑TRO",PST,4,722,450
1062,339,,"N⇑TRO",PRS,8,843,810
1063,339,,"N⇑TRO",FTR,10,1176,1050
1064,340,,Toaster,PST,4,591,400
1065,340,,Toaster,PRS,8,771,810
1066,340,,"⇓ 東星 vs Toaster ⇓",FTR,10,1149,1060
1067,341,,"Remnant ⇐ Guilt",PST,5,983,550
1068,341,,"Remnant ⇒ Doubt",PRS,8+,1127,890
1069,341,,"Remnant ⇑⇓ Volition",FTR,11,1467,1130
1070,342,,Exschwasion,PST,3,736,350
1071,342,,Exschwasion,PRS,6,929,650
1072,342,,"N•Ex•T",FTR,9+,1294,980
1073,343,,"",PST,4,836,450
1074,343,,"",PRS,8,994,850
1075,343,,"",FTR,9+,1102,980
1076,344,,Nitro,PST,3,561,350
1077,344,,Nitro,PRS,7,756,700
1078,344,,Nitro,FTR,9,945,960
1079,345,,"Exschwasión",PST,4,683,400
1080,345,,"Exschwasión",PRS,7,894,750
1081,345,,"Exschwasión",FTR,9,986,950
1082,346,,antymis,PST,4,741,400
1083,346,,antymis,PRS,7,851,750
1084,346,,antymis,FTR,9+,1076,990
1085,347,,E.E.X.X.E.X.X.,PST,4,669,450
1086,347,,E.E.X.X.E.X.X.,PRS,7,708,700
1087,347,,E.E.X.X.E.X.X.,FTR,9+,976,970
1088,348,,CERiNG,PST,3,387,300
1089,348,,CERiNG,PRS,7,525,750
1090,348,,CERiNG,FTR,9,810,900
1091,349,,KLMNOP,PST,3,644,350
1092,349,,KLMNOP,PRS,7,812,700
1093,349,,KLMNOP,FTR,9+,1140,980
1094,350,,"絶滅",PST,4,697,400
1095,350,,"絶滅",PRS,7+,798,780
1096,350,,"絶滅",FTR,10,1040,1020
1097,351,,"東星",PST,5,801,550
1098,351,,"東星",PRS,8,937,860
1099,351,,"東星",FTR,10,1223,1050
1100,352,,"第一識 ""Reality""",PST,7,883,750
1101,352,,"第二識 ""Causality""",PRS,9,1082,960
1102,352,,"第三識 ""Pluriversality""",FTR,11,1444,1130
1103,353,,TOA5TIE,PST,3,536,300
1104,353,,TOA5TIE,PRS,7,715,700
1105,353,,TOA5TIE,FTR,9,965,940
1106,354,,"CERiNG -liminal-",PST,2,419,250
1107,354,,"CERiNG -liminal-",PRS,7,607,700
1108,354,,"CERiNG -liminal-",FTR,9,805,950
1109,355,,Luxance,PST,3,681,300
1110,355,,Luxance,PRS,7,890,700
1111,355,,Luxance,FTR,9+,1223,980
1112,356,,"夜浪",PST,5,675,500
1113,356,,"夜浪",PRS,8+,804,890
1114,356,,"超東星 × 雷夜浪",FTR,10+,1008,1080
1115,357,,Exschwasion,PST,3,535,350
1116,357,,Exschwasion,PRS,6,702,650
1117,357,,Exschwasion,FTR,9,877,960
1118,358,,"るくあんす",PST,2,583,250
1119,358,,"るくあんす",PRS,7,786,750
1120,358,,"るくあんす",FTR,9+,913,980
1121,359,,"絶滅",PST,4,752,450
1122,359,,"絶滅",PRS,7+,831,780
1123,359,,"絶滅",FTR,10,1258,1050
1124,360,,"反水",PST,4,826,450
1125,360,,"反水",PRS,8,1194,820
1126,360,,"反水",FTR,10,1365,1050
1127,361,,"夜浪",PST,5,844,500
1128,361,,"夜浪",PRS,7+,905,780
1129,361,,"VII: THE CHARIOT/夜浪",FTR,10+,1309,1080
1130,362,,"én",PST,3,643,300
1131,362,,"én",PRS,6,742,650
1132,362,,"én & KLMNOP",FTR,9,970,960
1133,363,,"0°絶滅",PST,4,1031,450
1134,363,,"0°絶滅",PRS,7,1095,750
1135,363,,"0°絶滅",FTR,10,1309,1050
1136,364,,"C7H11NO配合!!!!!!",PST,4,584,400
1137,364,,"C7H11NO配合!!!!!!",PRS,7,714,750
1138,364,,"C7H11NO配合!!!!!!",FTR,10,1108,1010
1139,365,,Dec18,PST,3,626,300
1140,365,,Dec18,PRS,6,771,650
1141,365,,Dec18,FTR,9,1130,950
1142,366,,"én and én!!",PST,3,370,300
1143,366,,"én and én!!",PRS,7,616,700
1144,366,,"én and én!!",FTR,9,836,950
1145,367,,"k//eternal + nitro
""ephemeral past""",PST,4,673,450
1146,367,,"k//eternal + nitro
""recursive present""",PRS,7,738,750
1147,367,,"k//eternal + nitro
""convergent future""",FTR,9+,954,980
1148,368,,"0°Nitro",PST,3,589,350
1149,368,,"0°Nitro",PRS,7,733,700
1150,368,,"0°Nitro",FTR,9+,991,970
1151,369,,Dec18,PST,3,427,300
1152,369,,Dec18,PRS,6,587,600
1153,369,,Dec18,FTR,9,957,930
1154,370,,Luxance,PST,3,443,300
1155,370,,Luxance,PRS,6,578,600
1156,370,,Luxance,FTR,9+,920,970
1157,371,,Exschwasion,PST,2,530,250
1158,371,,Exschwasion,PRS,5,741,550
1159,371,,Exschwasion,FTR,7+,848,780
1160,371,,KLMNOP,ETR,9,1047,950
1161,372,,"First Dawn",PST,3,734,300
1162,372,,"First Dawn",PRS,6,811,650
1163,372,,"First Dawn",FTR,8,1023,850
1164,372,,"First Dawn",ETR,9+,1157,970
1165,373,,Nitro,PST,3,845,350
1166,373,,Nitro,PRS,6,890,600
1167,373,,"Dec18 + Nitro",FTR,8+,818,870
1168,373,,"Dec18 + Nitro",ETR,9+,871,970
1169,374,,"ə₀",PST,5,388,550
1170,374,,"ə₀",PRS,8+,579,880
1171,374,,"ə₀",FTR,10,919,1050
1172,375,,"Nitro 「The Veiled」",PST,3,510,350
1173,375,,"Nitro 「The Veiled」",PRS,6,698,650
1174,375,,"Nitro 「The Veiled」",FTR,10,1064,1000
1175,376,,"Dec18 + Nitro",PST,4,821,400
1176,376,,"Dec18 + Nitro",PRS,7+,982,780
1177,376,,"Dec18 + Nitro",FTR,10+,1519,1070
1178,377,,"ex＊tree",PST,4,519,450
1179,377,,"ex＊tree",PRS,8,765,820
1180,377,,"ny＊tree",FTR,10,1299,1040
1181,378,,"én",PST,2,466,250
1182,378,,"én",PRS,5,445,500
1183,378,,"én",FTR,7,673,750
1184,378,,"eién",ETR,9,770,930
1185,379,,"CERiNG、",PST,2,368,250
1186,379,,"CERiNG、",PRS,6,519,650
1187,379,,"CERiNG、",FTR,9,708,950
1188,380,,antymis,PST,3,412,350
1189,380,,antymis,PRS,7,570,750
1190,380,,antymis,FTR,9+,754,970
1191,381,,"Exschwasion • 8:00",PST,3,710,300
1192,381,,"Exschwasion • 8:21",PRS,6,829,650
1193,381,,"Exschwasion • 8:45",FTR,8+,940,880
1194,381,,"Exschwasion • 8:46",ETR,9+,1035,980
1195,382,,"moonquay [EMP]",PST,4,724,450
1196,382,,"moonquay [FLASH]",PRS,7+,922,780
1197,382,,"moonquay [SHOCK]",FTR,10,1497,1040
1198,383,,"N↑TRO",PST,4,646,450
1199,383,,"N↑TRO",PRS,8,881,830
1200,383,,"N↑TRO",FTR,10,1277,1040
1201,384,,Nitro,PST,4,605,450
1202,384,,Nitro,PRS,8,896,850
1203,384,,Nitro,FTR,10,1228,1030
1204,385,,Luxance,PST,2,380,200
1205,385,,Luxance,PRS,5,488,550
1206,385,,Luxance,FTR,9,828,920
1207,386,,Toaster,PST,4,756,450
1208,386,,Toaster,PRS,7+,890,780
1209,386,,Toaster,FTR,9,1172,960
1210,386,,"TOASTER DATA PATCHER",ETR,10+,1402,1080
1211,387,,"én",PST,3,753,300
1212,387,,"én",PRS,7,793,700
1213,387,,"én",FTR,9,1047,930
1214,388,,"exschwasion -彩色-",PST,4,757,400
1215,388,,"exschwasion -彩色-",PRS,7,890,700
1216,388,,"exschwasion -彩色-",FTR,10,1130,1000
1217,389,,"Yearning Call",PST,5,1007,500
1218,389,,"Yearning Call",PRS,8,1051,800
1219,389,,"Yearning Call",FTR,9+,1273,990
1220,389,,"Yearning Call",ETR,10+,1340,1080
1221,390,,Dec18,PST,2,595,250
1222,390,,Dec18,PRS,5,644,550
1223,390,,Dec18,FTR,7,783,750
1224,390,,Dec18,ETR,8+,884,880
1225,391,,Exschwasion,PST,4,584,450
1226,391,,Exschwasion,PRS,7+,634,780
1227,391,,Exschwasion,FTR,9,803,950
1228,391,,Exschwasion,ETR,10,962,1050
1229,392,,antymis,PST,4,705,400
1230,392,,antymis,PRS,7+,950,780
1231,392,,"antymis + Nitro",FTR,9+,1316,980
1232,393,,CERiNG,PST,4,611,400
1233,393,,CERiNG,PRS,7+,773,780
1234,393,,CERiNG,FTR,9+,1139,990
1235,394,,"夜浪 THE FUMEn ANARCHIST",PST,5,717,500
1236,394,,"夜浪 THE FUMEn ANARCHIST",PRS,8+,1115,870
1237,394,,"夜浪 THE FUMEn ANARCHIST",FTR,10,1544,1060
1238,395,,"én",PST,4,337,400
1239,395,,"én",PRS,6,430,600
1240,395,,"én",FTR,9,724,930
1241,395,,"eién",ETR,9+,915,990
1242,396,,Dec18,PST,3,490,300
1243,396,,Dec18,PRS,6,564,650
1244,396,,Dec18,FTR,9,735,920
1245,397,,Nitro,PST,4,475,400
1246,397,,Nitro,PRS,7+,704,780
1247,397,,"Nite Schwa Power",FTR,9+,906,980
1248,397,,"Nite Schwa Power",ETR,10,1087,1050
1249,398,,"聖輪",PST,5,601,500
1250,398,,"聖輪",PRS,8,754,800
1251,398,,"聖輪",FTR,10+,1274,1080
1252,399,,NITRO,PST,4,639,450
1253,399,,NITRO,PRS,7,839,750
1254,399,,NITRO,FTR,9+,1040,980
1255,401,,"ディストーション・ルクアンス",PST,3,544,300
1256,401,,"ディストーション・ルクアンス",PRS,6,841,650
1257,401,,"ディストーション・ルクアンス",FTR,9+,1317,990
1258,402,,Dec18,PST,3,451,350
1259,402,,Dec18,PRS,7,660,700
1260,402,,Dec18,FTR,9+,929,980
1261,403,,CERiNG,PST,3,562,350
1262,403,,CERiNG,PRS,6,677,650
1263,403,,CERiNG,FTR,9,1111,950
1264,404,,"én",PST,3,518,350
1265,404,,"én",PRS,7,761,700
1266,404,,"én",FTR,8+,993,890
1267,404,,"én × nitro「The Radical」",ETR,9+,1164,990
1268,405,,[NITRO],PST,4,702,450
1269,405,,[NITRO],PRS,7+,813,780
1270,405,,[NITRO],FTR,9+,1183,990
1271,406,,"絶滅 » collapse",PST,5,844,550
1272,406,,"絶滅 » collapse",PRS,8,1055,860
1273,406,,"絶滅 » collapse",FTR,10,1432,1050
1274,400,,"Article V《Observation》",PST,6,865,650
1275,400,,"Article VI《Hypothesis》",PRS,9,1213,920
1276,400,,"Article VII《Analysis》",FTR,10,1466,1050
1277,400,,"Article 0x8《Enmity》",ETR,11,1644,1130
1278,407,,Dec18,PST,3,826,300
1279,407,,Dec18,PRS,6,939,600
1280,407,,Dec18,FTR,8,1177,860
1281,407,,Dec18,ETR,9,1410,960
1282,408,,antymis,PST,2,664,250
1283,408,,antymis,PRS,5,814,550
1284,408,,antymis,FTR,8+,916,880
1285,408,,antymis,ETR,9+,999,980
1286,409,,NITRO,PST,3,838,350
1287,409,,NITRO,PRS,6,830,650
1288,409,,NITRO,FTR,8+,1094,890
1289,409,,NITRO,ETR,10,1292,1030
1290,410,,"↑én↓",PST,3,525,300
1291,410,,"↑én↓",PRS,7,646,700
1292,410,,"↑én↓",FTR,9,940,950
1293,410,,"聖輪↓↑夜浪",ETR,10+,1065,1070
1294,411,,"絶滅",PST,4,999,450
1295,411,,"絶滅",PRS,7+,1031,780
1296,411,,"絶滅",FTR,10,1497,1060
1297,412,,Volution,PST,5,968,550
1298,412,,"Volution CCCLX",PRS,8,1234,850
1299,412,,"Volution IV",FTR,10+,1542,1090
1300,413,,"Nitro “v20170309”",PST,5,831,500
1301,413,,"Nitro “v20170309”",PRS,7+,934,780
1302,413,,"Nitro “v20170309”",FTR,9,1174,950
1303,413,,"Nitro meets Toaster “v20170309”",ETR,10,1247,1050
1304,414,,"小終点",PST,3,447,300
1305,414,,"小終点",PRS,6,563,600
1306,414,,"小終点",FTR,8+,906,880
1307,415,,raycast,PST,3,534,350
1308,415,,raycast,PRS,7,651,700
1309,415,,raycast,FTR,9+,1002,970
1310,416,,nora::neko,PST,2,447,250
1311,416,,nora::neko,PRS,6,523,600
1312,416,,nora::neko,FTR,8,763,840
1313,416,,nora::neko,ETR,9,841,940
1314,417,,Luxance,PST,2,721,250
1315,417,,Luxance,PRS,6,783,650
1316,417,,Luxance,FTR,8+,992,870
1317,417,,Luxance,ETR,10,1139,1010
1318,418,,nora::neko,PST,2,419,250
1319,418,,nora::neko,PRS,5,479,550
1320,418,,nora::neko,FTR,8,591,820
1321,418,,nora::neko,ETR,9,714,910
1322,419,,raycast,PST,3,569,300
1323,419,,raycast,PRS,6,615,600
1324,419,,raycast,FTR,8+,861,880
1325,419,,raycast,ETR,9+,1200,980
1326,420,,"NEO NITRO",PST,3,532,350
1327,420,,"NEO NITRO",PRS,7,702,700
1328,420,,"NEO NITRO",FTR,9,811,940
1329,420,,"NEO NITRO",ETR,10,1043,1000
1330,421,,"絶滅",PST,4,693,450
1331,421,,"絶滅",PRS,7+,957,780
1332,421,,"絶滅",FTR,10,1207,1050
1333,422,,"M理論",PST,4,632,450
1334,422,,"M理論",PRS,7,802,750
1335,422,,"M理論",FTR,9,1052,950
1336,422,,"M理論",ETR,10,1263,1060
1337,423,,antymis.exe,PST,3,654,300
1338,423,,antymis.exe,PRS,6,734,600
1339,423,,antymis.exe,FTR,9,1059,950
1340,424,,"Luxance's Case-Book",PST,3,459,300
1341,424,,"Luxance's Case-Book",PRS,6,500,650
1342,424,,"Luxance's Case-Book",FTR,8,660,820
1343,424,,"Luxance's Case-Book",ETR,9+,988,980
1344,425,,"moonquay【新入生】",PST,4,740,450
1345,425,,"moonquay v.EXPERT",PRS,7,971,750
1346,425,,"moonquay v.MASTER",FTR,10,1371,1030
1347,426,,"絶滅 (AQUA) Lv.70",PST,4,757,450
1348,426,,"絶滅 (AQUA) Lv.70",PRS,7+,962,780
1349,426,,"絶滅 (AQUA) Lv.70",FTR,9,1043,930
1350,426,,"絶滅 (AQUA) Lv.70",ETR,10+,1385,1070
1351,427,,"夜浪 (FIRE) Lv.75",PST,5,962,550
1352,427,,"夜浪 (FIRE) Lv.75",PRS,8,1269,850
1353,427,,"夜浪 (FIRE) Lv.75",FTR,10+,1710,1090
1354,428,,"小終点",PST,3,563,300
1355,428,,"小終点",PRS,7,719,750
1356,428,,"小終点",FTR,9+,1225,990
1357,429,,"raycast, The Devout",PST,4,655,450
1358,429,,"raycast, The Devout",PRS,7+,751,780
1359,429,,"raycast, The Devout",FTR,9,994,960
1360,429,,"raycast, The Irresolute",BYD,10,1165,1020
1361,430,,nora::nue,PST,4,710,450
1362,430,,nora::nue,PRS,7,766,750
1363,430,,nora::nue,FTR,9+,982,970
1364,430,,nora::nue,BYD,10,1118,1040
1365,431,,"夜浪「perfidulo」",PST,5,986,550
1366,431,,"夜浪「perfidulo」",PRS,8,1171,840
1367,431,,"夜浪「perfidulo」",FTR,10,1373,1030
1368,431,,"夜浪「perfidulo」",BYD,10+,1448,1090
1369,432,,"⇆ Fixation",PST,6,1025,650
1370,432,,"⇆ Sublimation",PRS,8+,1186,880
1371,432,,"⇆ Separation",FTR,10,1380,1060
1372,432,,"⇆ Projection",BYD,11,1637,1140
1373,433,,"1st Command ≒ Legacy",PST,7,1055,750
1374,433,,"2nd Command ≒ Perfection",PRS,9,1426,960
1375,433,,"3rd Command ≒ Ascendance",FTR,10+,1768,1090
1376,433,,"Final Command. Infinity",BYD,11+,2184,1190
1377,434,,"Ψ",PST,5,782,500
1378,434,,"Ψ",PRS,8,943,810
1379,434,,"Ψ",FTR,10,1388,1060
1380,435,,"るくあんす",PST,3,578,350
1381,435,,"るくあんす",PRS,6,621,600
1382,435,,"るくあんす",FTR,9+,994,980
1383,436,,"BlazinG ÉND",PST,3,433,350
1384,436,,"BlazinG ÉND",PRS,6,571,650
1385,436,,"BlazinG ÉND",FTR,8+,757,890
1386,436,,"BlazinG ÉND",ETR,10,1129,1010
1387,437,,Exschwasion,PST,4,557,450
1388,437,,Exschwasion,PRS,7+,847,780
1389,437,,"Rave Gallery",FTR,9,1081,950
1390,437,,X-SCHWASION,ETR,10,1201,1030
1391,438,,"夜浪 -Revolutions-",PST,5,921,550
1392,438,,"夜浪 -Revolutions-",PRS,8,1091,840
1393,438,,"夜浪 -Revolutions-",FTR,10+,1500,1090
1394,439,,"écologie",PST,3,472,350
1395,439,,"écologie",PRS,6,614,650
1396,439,,"écologie",FTR,8+,894,880
1397,439,,"EXSCHWASiON vs 絶滅",ETR,10,1251,1030
1398,440,,nora::kuma,PST,4,583,400
1399,440,,nora::kuma,PRS,7,714,750
1400,440,,nora::kuma,FTR,9,1226,950
1401,440,,"反水 × 夜浪",ETR,10,1280,1050
1402,441,,NiTRO,PST,5,877,550
1403,441,,NiTRO,PRS,8,1000,860
1404,441,,NiTRO,FTR,9+,1222,990
1405,441,,NiTRO,ETR,10+,1341,1090
1406,442,,"<!-- raycast -->",PST,4,641,450
1407,442,,"<!-- raycast -->",PRS,8,764,800
1408,442,,"<!-- raycast -->",FTR,9+,1075,980
