Song,Artist,Pack,Note Design,Level,CC,Notes,Note Design,Level,CC,Notes,Note Design,Level,CC,Notes,Note Design,Level,CC,Notes,Side,BPM,Version,Date,Version,Date,Original
Tutorial,ak+q,,,PST 1,0.0,173,,PRS 4,0.0,158,N/A,,,,N/A,,,,Light,128,1.0.5,17/3/8,N/A,,✓
Fairytale,chitose,Arcaea,Toaster,PST 1,1.0,336,Toaster,PRS 3,3.5,511,Toaster,FTR 7,7.0,782,Nitro in Wonderland,BYD 9,9.5,932,Light,189,1.0.5,17/3/8,3.0.0,20/5/27,
Sayonara Hatsukoi,REDSHiFT,Arcaea,Nitro,PST 1,1.5,205,Nitro,PRS 4,4.5,305,Toaster,FTR 7,7.0,666,Luxance + Exschwasion,ETR 8,8.5,728,Light,178,1.0.5,17/3/8,5.4.0,24/3/8,
Vexaria,ak+q,Arcaea,Nitro,PST 2,2.5,369,Nitro,PRS 5,5.0,534,Nitro,FTR 7,7.0,734,石樂,BYD 9,9.0,785,Light,180,1.0.5,17/3/8,3.0.0,20/5/27,
Rise,Combatplayer,Arcaea,Nitro,PST 2,2.5,322,Nitro,PRS 4,4.0,599,Nitro,FTR 7+,7.8,788,N/A,,,,Light,140,1.0.5,17/3/8,N/A,,
Babaroque,cYsmix,Arcaea,Toaster,PST 3,3.0,402,Toaster,PRS 6,6.5,645,Toaster,FTR 8,8.5,808,N/A,,,,Light,136,1.0.5,17/3/8,N/A,,
Lucifer,chitose,Arcaea,Nitro,PST 3,3.5,424,Nitro,PRS 5,5.5,506,Nitro,FTR 8,8.2,861,N/A,,,,Conflict,165,1.0.5,17/3/8,N/A,,
Shades of Light in a Transcendent Realm,ak+q,Arcaea,Nitro,PST 3,3.0,517,Nitro,PRS 6,6.0,789,Nitro,FTR 8,8.3,"1,067",N↑TRO,BYD 9,9.0,"1,042",Light,170,1.0.5,17/3/8,4.3.2,23/3/9,
Snow White,Puru,Arcaea,Toaster,PST 2,2.5,486,Toaster,PRS 5,5.0,672,Toaster,FTR 8,8.4,978,N/A,,,,Light,150,1.0.5,17/3/8,N/A,,
"GOODTEK
(Arcaea Edit)",EBIMAYO,Arcaea,Nitro,PST 4,4.0,449,Nitro,PRS 6,6.5,632,Nitro,FTR 9,9.3,968,GOODTOAST,BYD 9+,9.8,"1,103",Light,190,1.0.5,17/3/8,3.0.0,20/5/27,
Lost Civilization,Laur vs. CK,Arcaea,Toaster,PST 4,4.0,462,Toaster,PRS 7,7.0,690,Toaster,FTR 9,9.2,986,"Nitro Affected
by Nitro",BYD 9+,9.8,"1,061",Conflict,75-210,1.0.5,17/3/8,3.6.0,21/5/11,
I've heard it said,Combatplayer,Eternal Core,Toaster,PST 3,3.5,510,Toaster,PRS 6,6.0,664,Toaster,FTR 8,8.1,864,N/A,,,,Light,160,1.0.8,17/3/9,N/A,,
Lumia,sky_delta,Eternal Core,Nitro,PST 2,2.5,469,Nitro,PRS 5,5.5,438,Toaster missing Nitro.,FTR 8,8.4,961,Toaster.,BYD 9,9.5,814,Light,180,1.0.8,17/3/9,3.2.3,20/11/19,✓
Relentless,Akira Complex,Eternal Core,Nitro,PST 4,4.5,607,Nitro,PRS 6,6.5,722,Nitro,FTR 8,8.0,"1,015",N/A,,,,Conflict,174,1.0.8,17/3/9,N/A,,
cry of viyella,Laur,Eternal Core,Toaster,PST 3,3.5,414,Toaster,PRS 6,6.0,492,Toaster,FTR 8+,8.7,791,N/A,,,,Conflict,75-180,1.0.8,17/3/9,N/A,,
memoryfactory.lzh,Frums,Eternal Core,Nitro,PST 2,2.5,308,Nitro,PRS 5,5.5,448,Nitro,FTR 8+,8.9,672,N/A,,,,Light,100,1.0.8,17/3/9,N/A,,✓
Essence of Twilight,ak+q,Eternal Core,Nitro,PST 4,4.5,556,Nitro,PRS 7,7.0,767,Nitro,FTR 9,9.1,"1,204",N/A,,,,Conflict,164,1.0.8,17/3/9,N/A,,✓
PRAGMATISM,Laur,Eternal Core,東星,PST 4,4.5,476,東星,PRS 8,8.6,855,東星,FTR 10,10.1,942,N/A,,,,Light,174,1.0.8,17/3/9,N/A,,✓
Sheriruth,Team Grimoire,Eternal Core,夜浪,PST 5,5.5,611,夜浪,PRS 7+,7.5,832,夜浪,FTR 10,10.1,"1,151",N/A,,,,Conflict,185,1.0.8,17/3/9,N/A,,✓
qualia -ideaesthesia-,nitro,Arcaea,-chartaesthesia-,PST 4,4.5,550,-chartaesthesia-,PRS 7,7.0,875,-chartaesthesia-,FTR 9,9.1,"1,022",moonquay -end of chartaesthesia-,BYD 9+,9.7,"1,288",Conflict,144,1.0.8,17/3/9,3.10.0,21/12/9,
"Dement
~after legend~",Cosmograph,Arcaea,Toaster,PST 3,3.5,548,Toaster,PRS 6,6.0,756,Toaster,FTR 7+,7.8,970,Nitro ~ABYSS~,BYD 9+,9.9,"1,040",Conflict,210,1.0.9,17/3/20,3.1.0,20/8/21,
Dandelion,Farhan,Arcaea,Nitro,PST 2,2.5,391,Nitro,PRS 6,6.0,698,Nitro,FTR 8,8.5,921,N/A,,,,Light,169,1.0.9,17/3/20,N/A,,
Infinity Heaven,HyuN,Arcaea,Nitro,PST 1,1.5,336,Nitro,PRS 5,5.5,545,Nitro,FTR 7+,7.8,853,Nitr∞,BYD 9,9.6,986,Light,160,1.0.10,17/4/12,3.0.0,20/5/27,
Anökumene,Jun Kuroda,Arcaea,Toaster,PST 2,2.5,412,Toaster,PRS 6,6.5,588,Toaster,FTR 9,9.2,851,N/A,,,,Conflict,186,1.0.10,17/4/12,N/A,,
Paradise,Sound Souler,Crimson Solace,Nitro,PST 1,1.0,253,Nitro,PRS 4,4.0,349,Nitro,FTR 7+,7.8,729,N/A,,,,Light,126,1.0.11,17/5/11,N/A,,✓
Flashback,ARForest,Crimson Solace,Nitro,PST 2,2.0,356,Nitro,PRS 5,5.0,488,Nitro,FTR 8+,8.9,856,N/A,,,,Light,195,1.0.11,17/5/11,N/A,,✓
"Flyburg
and Endroll",アリスシャッハと魔法の楽団,Crimson Solace,N,PST 3,3.0,413,N,PRS 6,6.0,650,N-Helix,FTR 9,9.0,930,N/A,,,,Light,180,1.0.11,17/5/11,N/A,,✓
Party Vinyl,モリモリあつし,Crimson Solace,Party Toaster,PST 4,4.0,337,Party Toaster,PRS 7+,7.8,543,Party Toaster,FTR 9,9.4,800,Party Exschwasion,BYD 10,10.1,946,Light,132,1.0.11,17/5/11,4.1.6,22/12/22,✓
Nirv lucE,しーけー,Crimson Solace,東星※紅空,PST 2,2.5,297,東星※紅空,PRS 7,7.0,547,東星※紅空,FTR 10,10.3,980,N/A,,,,Light,260,1.0.11,17/5/11,N/A,,✓
Brand new world,U-ske,Arcaea,Nitro 2.0,PST 2,2.0,322,Nitro 2.0,PRS 4,4.0,432,Nitro 2.0,FTR 7+,7.8,787,N/A,,,,Light,160,1.0.11,17/5/11,N/A,,
Chronostasis,黒皇帝,Arcaea,Kurorak,PST 3,3.5,619,Kurorak,PRS 7,7.5,812,Kurorak,FTR 8+,8.9,916,N/A,,,,Conflict,196,1.1.0,17/6/2,N/A,,
"Kanagawa
Cyber Culvert",南ゆに,Arcaea,Nitro,PST 1,1.0,375,Nitro,PRS 5,5.5,707,Nitro,FTR 9,9.0,"1,111",Exschwas↓on,BYD 9+,9.8,"1,121",Light,180,1.1.0,17/6/2,3.10.0,21/12/9,
CROSS†SOUL,HyuN feat. Syepias,Memory Archive: Variety,k//eternal,PST 4,4.0,606,k//eternal,PRS 7,7.0,823,k//eternal,FTR 9,9.4,"1,081",N/A,,,,Conflict,200,1.1.0,17/6/2,N/A,,
DataErr0r,Cosmograph,Memory Archive: Variety,ToastErr0r,PST 3,3.0,502,ToastErr0r,PRS 7,7.0,785,ToastErr0r,FTR 9,9.5,955,N/A,,,,Conflict,180,1.1.0,17/6/2,N/A,,
"Your voice so...
feat. Such",PSYQUI,Memory Archive: Variety,Nitro,PST 3,3.5,469,Nitro,PRS 6,6.5,677,Nitro,FTR 9,9.4,"1,013",N/A,,,,Light,176,1.1.0,17/6/2,N/A,,
"Moonlight of
Sand Castle",旅人E,Dynamix,Kurorak,PST 1,1.5,418,Kurorak,PRS 5,5.0,394,Kurorak,FTR 7+,7.8,645,N/A,,,,Light,160,1.1.2,17/6/23,N/A,,
REconstruction,Ryazan,Dynamix,Nitro,PST 2,2.5,347,Nitro,PRS 6,6.0,469,Nitro,FTR 8,8.4,825,N/A,,,,Light,180,1.1.2,17/6/23,N/A,,
"Evoltex
(poppi'n mix)",Arch vs. n3pu,Dynamix,k//eternal,PST 2,2.0,297,k//eternal,PRS 7,7.0,627,k//eternal,FTR 8+,8.9,775,N/A,,,,Light,205,1.1.2,17/6/23,N/A,,
Oracle,TQ☆,Dynamix,Nitro,PST 3,3.0,425,Nitro,PRS 5,5.5,508,Nitro,FTR 9,9.3,963,N/A,,,,Conflict,152,1.1.2,17/6/23,N/A,,
αterlβus,Aoi,Dynamix,τoastεr,PST 4,4.0,505,τoastεr,PRS 7,7.5,668,τoastεr,FTR 10,10.2,"1,030",N/A,,,,Conflict,202,1.1.2,17/6/23,N/A,,
"Clotho and
the stargazer",しーけー,Arcaea,小東星,PST 2,2.0,519,小東星,PRS 5,5.0,745,小東星,FTR 7+,7.8,"1,021",eién,ETR 8+,8.8,"1,031",Light,230,1.1.2,17/6/23,5.4.0,24/3/8,
Ignotus,ak+q,Arcaea,Toaster,PST 3,3.5,579,Toaster,PRS 6,6.5,809,Toaster,FTR 9,9.3,"1,225",N/A,,,,Conflict,170,1.1.3,17/7/18,N/A,,✓
Impure Bird,MIssionary,Memory Archive: Original,Kurorak,PST 2,2.0,350,Kurorak,PRS 5,5.5,518,Kurorak,FTR 9,9.4,805,N/A,,,,Light,184,1.1.3,17/7/18,N/A,,✓
Blossoms,T2Kazuya,Ambivalent Vision,Nitro,PST 1,1.0,275,Nitro,PRS 4,4.0,383,Nitro,FTR 7,7.0,655,N/A,,,,Light,138,1.1.4,17/8/10,N/A,,✓
Romance Wars,U-ske (feat. lueur),Ambivalent Vision,Kurorak,PST 1,1.0,423,Kurorak,PRS 4,4.0,378,Kurorak,FTR 7+,7.8,641,N/A,,,,Light,187,1.1.4,17/8/10,N/A,,✓
Genesis,Iris,Ambivalent Vision,Haruba,PST 2,2.0,275,Haruba,PRS 5,5.5,399,Haruba,FTR 8,8.2,713,N/A,,,,Conflict,132,1.1.4,17/8/10,N/A,,✓
Moonheart,翡乃イスカ,Ambivalent Vision,Toaster,PST 2,2.5,449,Toaster,PRS 5,5.5,566,Toaster,FTR 8,8.4,947,Toaster,BYD 9+,9.7,"1,139",Light,180,1.1.4,17/8/10,3.4.1,21/1/8,✓
Lethaeus,Silentroom,Ambivalent Vision,夜浪,PST 3,3.5,480,夜浪,PRS 6,6.5,717,夜浪,FTR 9+,9.7,900,N/A,,,,Conflict,155,1.1.4,17/8/10,N/A,,✓
"Harutopia
~Utopia of Spring~",A-zu-ra,Arcaea,"トーストピア
~Utopia of Toast~",PST 1,1.0,444,"トーストピア
~Utopia of Toast~",PRS 4,4.5,706,"トーストピア
~Utopia of Toast~",FTR 8,8.5,"1,061",N/A,,,,Light,185,1.1.4,17/8/10,N/A,,
Auxesia,ginkiha,Memory Archive: Partner,Nitroだー！！,PST 3,3.5,385,Nitroだー！,PRS 6,6.5,648,Nitroだー！,FTR 9,9.3,"1,000",N/A,,,,Light,183,1.1.4,17/8/10,N/A,,✓
"Rabbit In The
Black Room",Rabbit House,Arcaea,Toaster,PST 2,2.5,373,Toaster,PRS 5,5.5,467,Toaster,FTR 8,8.4,772,N/A,,,,Conflict,270,1.1.6,17/9/25,N/A,,
Modelista,HiTECH NINJA,Memory Archive: Original,NITRO,PST 3,3.5,418,NITRO,PRS 7,7.5,691,NITRO,FTR 10,10.0,"1,010",N/A,,,,Light,165,1.1.6,17/9/25,N/A,,✓
Iconoclast,Yamajet,Vicious Labyrinth,Toaster,PST 4,4.0,443,Toaster,PRS 7,7.0,593,Toaster,FTR 9,9.1,795,N/A,,,,Conflict,140,1.5.0,17/11/3,N/A,,✓
SOUNDWiTCH,HATE,Vicious Labyrinth,NiTRO,PST 3,3.5,315,NiTRO,PRS 6,6.5,488,NiTRO,FTR 9+,9.9,785,N/A,,,,Conflict,170,1.5.0,17/11/3,N/A,,
conflict,siromaru + cranky,Vicious Labyrinth,Toaster,PST 4,4.5,520,Nitro,PRS 7,7.5,731,toaster + nitro,FTR 10,10.2,"1,056",N/A,,,,Conflict,160,1.5.0,17/11/3,N/A,,
"trappola
bewitching",gmtn.,Vicious Labyrinth,Kurorak,PST 3,3.0,415,Kurorak,PRS 6,6.0,541,k//urorak,FTR 10,10.0,"1,044",NITRO -mesmerize-,BYD 10,10.5,"1,086",Conflict,190,1.5.0,17/11/3,4.3.0,23/3/2,✓
Axium Crisis,ak+q,Vicious Labyrinth,The Monolith,PST 5,5.5,685,The Monolith,PRS 8,8.5,"1,065",The Monolith,FTR 10+,10.7,"1,094",N/A,,,,Conflict,170,1.5.0,17/11/3,N/A,,✓
Grievous Lady,"Team Grimoire
vs. Laur",Vicious Labyrinth,迷路第一層,PST 6,6.5,956,迷路第二層,PRS 9,9.3,"1,194",迷路深層,FTR 11,11.3,"1,450",N/A,,,,Conflict,210,1.5.0,17/11/3,N/A,,✓
One Last Drive,REDSHiFT,Arcaea,Toaster,PST 2,2.5,604,Toaster,PRS 5,5.5,564,Toaster,FTR 8,8.2,885,N/A,,,,Light,154-175,1.5.0,17/11/3,N/A,,
Dreamin' Attraction!!,翡乃イスカ,Arcaea,Nitro,PST 4,4.5,592,Nitro,PRS 7,7.0,785,Nitro,FTR 9,9.4,"1,129",N/A,,,,Light,205,1.5.0,17/11/3,N/A,,
Red and Blue,Silentroom,Arcaea,-chartaesthesia- RED side,PST 4,4.0,464,side BLUE -chartaesthesia-,PRS 7+,7.8,597,-chartaesthesia- LEFT=BLUE RED=RIGHT,FTR 9,9.4,845,N/A,,,,Conflict,150,1.5.0,17/11/3,N/A,,✓
Surrender,void,Memory Archive: Music Game,Nitro,PST 3,3.0,550,Nitro,PRS 6,6.5,721,Nitro,FTR 8+,8.8,925,N/A,,,,Light,152,1.5.2,17/11/24,N/A,,
Yosakura Fubuki,A.SAKA,Memory Archive: Music Game,k//eternal,PST 4,4.5,416,k//eternal,PRS 7,7.0,582,k//eternal,FTR 9,9.4,931,N/A,,,,Light,172,1.5.2,17/11/24,N/A,,
Reinvent,Sound Souler,Arcaea,k//eternal,PST 2,2.5,570,k//eternal,PRS 6,6.5,703,k//eternal + nitro,FTR 8,8.5,852,N/A,,,,Light,174,1.5.3,17/12/21,N/A,,
Syro,Mitomoro,Arcaea,Toaster,PST 3,3.5,535,Toaster,PRS 6,6.5,829,Toaster,FTR 9,9.3,"1,150",N/A,,,,Light,178,1.5.3,17/12/21,N/A,,✓
Dream goes on,Tiny Minim,Lanota,k//eternal,PST 1,1.5,532,k//eternal,PRS 5,5.0,751,k//eternal,FTR 7+,7.8,719,N/A,,,,Light,174,1.5.5,18/2/1,N/A,,
Journey,ARForest,Lanota,Kurorak,PST 3,3.0,551,Kurorak,PRS 6,6.0,778,Kurorak,FTR 9,9.1,997,N/A,,,,Light,200,1.5.5,18/2/1,N/A,,
Quon,Feryquitous,Lanota,Nitro,PST 4,4.0,547,Nitro,PRS 6,6.5,718,Nitro,FTR 9,9.6,991,N/A,,,,Light,189,1.5.5,18/2/1,N/A,,✓
Specta,Junk,Lanota,Toaster,PST 3,3.5,390,Toaster,PRS 6,6.5,706,Toaster,FTR 9,9.5,"1,096",N/A,,,,Light,179,1.5.5,18/2/1,N/A,,
cyanine,jioyi,Lanota,夜浪 - Apocalypse,PST 4,4.0,661,夜浪,PRS 7+,7.8,947,夜浪,FTR 10,10.6,"1,171",N/A,,,,Conflict,182,1.5.5,18/2/1,N/A,,
Metallic Punisher,INNOCENT NOIZE,Memory Archive: Partner,Kurorak,PST 3,3.0,500,Kurorak,PRS 7,7.0,846,Black Tea,FTR 10,10.3,"1,238",N/A,,,,Conflict,165,1.5.6,18/2/16,N/A,,✓
Blaster,Massive New Krew,Arcaea,k//eternal,PST 4,4.0,571,k//urorak,PRS 7,7.0,635,k//urorak,FTR 9,9.3,"1,002",N/A,,,,Conflict,180,1.5.7,18/3/9,N/A,,✓
Silent Rush,Soleily,Binary Enfold,TaroNuke,PST 2,2.5,416,TaroNuke,PRS 5,5.0,674,TaroNuke,FTR 8,8.6,941,N/A,,,,Conflict,158,1.6.0,18/3/23,N/A,,✓
next to you,uma feat. 橘花音,Binary Enfold,Nitro,PST 4,4.5,454,Nitro,PRS 7,7.0,583,Nitro,FTR 8+,8.8,824,Toastie,BYD 9,9.6,954,Light,165,1.6.0,18/3/23,3.6.0,21/5/11,✓
Strongholds,Yooh,Binary Enfold,TaroNuke,PST 2,2.5,570,TaroNukeΔ,PRS 5,5.0,778,TΔroNuke,FTR 9,9.2,922,N/A,,,,Conflict,105,1.6.0,18/3/23,N/A,,✓
Memory Forest,ETIA.,Binary Enfold,Kurorak,PST 3,3.5,639,Kurorak,PRS 6,6.0,726,Kurorak,FTR 9+,9.8,978,N/A,,,,Light,178,1.6.0,18/3/23,N/A,,✓
Singularity,ETIA.,Binary Enfold,東星,PST 4,4.5,534,東星,PRS 7+,7.8,678,東星※コラプサー,FTR 10+,10.7,"1,105",N/A,,,,Conflict,175,1.6.0,18/3/23,N/A,,✓
Ignotus Afterburn,"Arcaea
Sound Team",Arcaea,N/A,,,,N/A,,,,"《WARNING》 TaroNuke vs
Arcaea Charting Team",FTR ?,0.0,"1,028",Toaster × 石樂,BYD 9+,9.9,"1,077",Conflict,170,1.6.1,18/4/1,3.12.2,22/3/9,✓
carmine:scythe,かゆき,Memory Archive: Partner,週刊Toaster,PST 4,4.0,493,週刊Toaster,PRS 7+,7.8,710,週刊Toaster,FTR 9,9.6,"1,164",N/A,,,,Conflict,165,1.6.2,18/4/29,N/A,,✓
γuarδina,Aoi,Memory Archive: Original,τoastεr,PST 4,4.0,507,τoastεr,PRS 8,8.0,678,τoastεr,FTR 10,10.4,"1,120",N/A,,,,Light,202,1.6.2,18/4/29,N/A,,✓
Cybernecia Catharsis,Tanchiky,Arcaea,Kero,PST 4,4.0,377,Kero,PRS 7,7.0,655,Kero + Nitro,FTR 9,9.5,946,antymis,BYD 9+,9.8,991,Conflict,184,1.6.4,18/6/1,5.3.0,24/1/25,✓
Be There,PSYQUI,Memory Archive: Original,Nitro,PST 4,4.0,592,Nitro,PRS 7,7.5,792,Be Nitro,FTR 9,9.4,982,N/A,,,,Light,164,1.6.4,18/6/1,N/A,,✓
inkar-usi,DIA,Arcaea,Kurorak,PST 2,2.0,276,Kurorak,PRS 4,4.0,326,Kurorak,FTR 7+,7.8,463,CERiNG,BYD 9,9.4,857,Light,102,1.6.6,18/6/22,5.3.0,24/1/25,✓
"Call My Name
feat. Yukacco",Mameyudoufu,Memory Archive: Variety,Kurorak,PST 3,3.5,591,Kurorak,PRS 6,6.0,653,Kuro My Nitro,FTR 8+,8.7,921,N/A,,,,Light,175,1.6.6,18/6/22,N/A,,
Maze No.9,アリスシャッハと魔法の楽団,Luminous Sky ,小東星,PST 3,3.0,494,小東星,PRS 3,3.5,445,小東星,FTR 8+,8.9,775,N/A,,,,Light,159,1.7.0,18/7/16,N/A,,✓
Sulfur,ぺのれり,Luminous Sky ,Shirorak,PST 4,4.0,458,Shirorak,PRS 6,6.0,608,Shirorak,FTR 9+,9.7,"1,045",N/A,,,,Light,182,1.7.0,18/7/16,N/A,,✓
The Message,Jun Kuroda,Luminous Sky ,Toaster,PST 3,3.0,536,Toaster,PRS 6,6.5,630,Toaster,FTR 9+,9.7,992,N/A,,,,Light,202,1.7.0,18/7/16,N/A,,✓
Halcyon,xi,Luminous Sky ,東星※太陽,PST 5,5.5,662,東星※太陽,PRS 8,8.2,943,東星※太陽,FTR 10+,10.7,"1,227",N/A,,,,Light,191,1.7.0,18/7/16,N/A,,
Ether Strike,Akira Complex,Luminous Sky ,Zero Sky,PST 5,5.5,659,Zero Sky,PRS 8,8.3,837,Zero Sky,FTR 10,10.3,"1,170",N/A,,,,Light,156,1.7.0,18/7/16,N/A,,✓
Fracture Ray,Sakuzyo,Luminous Sky ,Volatile Paradox,PST 6,6.0,983,Absolute Paradox,PRS 9,9.5,"1,343",Paradox Zero,FTR 11,11.3,"1,279",N/A,,,,Light,200,1.7.0,18/7/16,N/A,,✓
Suomi,Aire,Arcaea,Toastie,PST 2,2.0,368,Toastie,PRS 5,5.0,550,Toastie,FTR 7+,7.8,818,CERiNG,ETR 8+,8.9,732,Light,125,1.7.0,18/7/16,5.4.0,24/3/8,
"Bookmaker
(2D Version)",Kobaryo,Arcaea,Kurorak,PST 4,4.5,538,Kurorak,PRS 6,6.5,728,Kurorak,FTR 8,8.3,"1,124",Toastmaker,BYD 10,10.0,"1,287",Conflict,175,1.7.0,18/7/16,3.6.4,21/6/30,
Illegal Paradise,"gmtn.
(witch's slave)",Arcaea,k//eternal,PST 2,2.0,535,k//eternal,PRS 7,7.0,585,k//eternal + nitro,FTR 9,9.5,"1,061",N/A,,,,Conflict,168,1.7.0,18/7/16,N/A,,
Nhelv,Silentroom,Arcaea,"Nitro
「Katastrophe」",PST 3,3.0,647,"Nitro
「Katastrophe」",PRS 6,6.5,913,"Nitro
「Katastrophe」",FTR 9+,9.9,"1,108",N/A,,,,Conflict,174.59,1.7.2,18/8/13,N/A,,
dropdead,Frums,Memory Archive: Original,-chartaesthesia- LIMITER:10%,PST 1,1.5,44,-chartaesthesia- LIMITER:100%,PRS 9,9.5,"1,323",-chartaesthesia- LIMITER:25% (OVERDRIVE:+100%),FTR 8+,9.1,823,N/A,,,,Conflict,50,1.7.2,18/8/13,N/A,,✓
Fallensquare,Silentroom,Memory Archive: Original,Haruba,PST 3,3.0,316,Haruba,PRS 7,7.5,486,Haruba,FTR 9,9.6,703,N/A,,,,Conflict,99,1.7.2,18/8/13,N/A,,✓
LunarOrbit -believe in the Espebranch road-,Apo11o program feat. 大瀬良あい,Arcaea,月刊Toaster,PST 3,3.5,624,月刊Toaster,PRS 6,6.0,757,週刊Toaster,FTR 9,9.6,"1,058",N/A,,,,Conflict,192,1.7.4,18/8/31,N/A,,✓
Purgatorium,お月さま交響曲,Arcaea,Kurorak,PST 2,2.5,609,Kurorak,PRS 6,6.0,641,Kurorak,FTR 8,8.4,983,Toaster,BYD 9,9.6,"1,051",Conflict,150,1.7.5,18/9/17,3.1.0,20/8/21,✓
Alexandrite,WAiKURO,Memory Archive: Original,東星※空の宝石,PST 4,4.5,507,東星※空の宝石,PRS 7,7.5,699,東星※空の宝石,FTR 10,10.0,"1,040",N/A,,,,Conflict,146,1.7.5,18/9/17,N/A,,✓
Hall of Mirrors,Sta,Tone Sphere,Toaster,PST 3,3.0,535,Toaster,PRS 5,5.5,553,Toaster,FTR 8,8.2,898,N/A,,,,Conflict,147,1.8.0,18/10/7,N/A,,
Hikari,THB,Tone Sphere,OptoNuke,PST 2,2.5,237,OptoNuke,PRS 6,6.0,450,OptoNuke,FTR 8,8.1,684,N/A,,,,Conflict,130,1.8.0,18/10/7,N/A,,
STAGER (ALL STAGE CLEAR),Ras,Tone Sphere,KURORAK,PST 3,3.0,453,KURORAK,PRS 6,6.5,559,KURORAK,FTR 9,9.5,"1,004",N/A,,,,Light,145,1.8.0,18/10/7,N/A,,
Linear Accelerator,THE SHAFT,Tone Sphere,THE TOAST,PST 2,2.5,438,THE TOAST,PRS 6,6.5,488,THE TOAST,FTR 9+,9.8,905,N/A,,,,Light,"200-
211.9",1.8.0,18/10/7,N/A,,
Tiferet,xi + Sta,Tone Sphere,夜浪[Spherical],PST 4,4.5,450,夜浪[Spherical],PRS 7+,7.8,720,夜浪[Spherical],FTR 10,10.4,"1,086",N/A,,,,Conflict,140?,1.8.0,18/10/7,N/A,,
Rugie,"Feryquitous
feat. Sennzai",Arcaea,k//urorak,PST 3,3.0,566,k//urorak,PRS 6,6.0,754,k//urorak,FTR 9,9.2,975,N/A,,,,Conflict,191,1.8.1,18/11/8,N/A,,
Astral tale,Noah,Memory Archive: Original,Nitro,PST 4,4.5,445,Nitro,PRS 7,7.0,642,Nitro,FTR 9,9.6,884,N/A,,,,Conflict,134,1.8.1,18/11/8,N/A,,✓
Phantasia,Yunosuke,Memory Archive: Partner,Toaster,PST 4,4.0,544,Toaster,PRS 5,5.5,579,Toaster,FTR 9,9.2,952,N/A,,,,Light,153,1.8.2,18/11/29,N/A,,✓
Empire of Winter,Street,Memory Archive: Partner,0°Nitro,PST 3,3.5,484,0°Nitro,PRS 6,6.5,662,0°Nitro,FTR 9,9.0,920,N/A,,,,Light,175,1.8.3,18/12/22,N/A,,✓
MERLIN,REDALiCE,Groove Coaster,Got More Taro?,PST 3,3.0,315,Got More Taro?,PRS 5,5.5,428,Got More Taro?,FTR 8+,8.9,712,EXSCHWASiON,BYD 9,9.4,881,Light,180,1.9.0,19/1/9,3.12.4,22/3/23,
OMAKENO Stroke,t+pazolite,Groove Coaster,Kurorak,PST 3,3.0,502,Kurorak,PRS 6,6.5,616,Kurorak,FTR 9,9.5,869,NITRO,BYD 10,10.2,931,Conflict,240,1.9.0,19/1/9,3.12.4,22/3/23,
"DX Choseinou
Full Metal Shojo","IOSYS TRAX
(uno with ちよこ)",Groove Coaster,"DX譜面作者フルメ
タルNitro",PST 3,3.0,327,"DX譜面作者フルメ
タルNitro",PRS 6,6.0,556,"DX譜面作者フルメ
タルNitro",FTR 9+,9.8,808,N/A,,,,Light,160,1.9.0,19/1/9,N/A,,
Scarlet Lance,MASAKI (ZUNTATA),Groove Coaster,闇運,PST 4,4.0,517,闇運,PRS 7,7.0,644,闇運,FTR 10,10.1,"1,130",N/A,,,,Light,186,1.9.0,19/1/9,N/A,,
ouroboros -twin stroke of the end-,Cranky vs. MASAKI,Groove Coaster,Groove 東星,PST 4,4.5,575,Groove 東星,PRS 7,7.5,832,Groove 東星,FTR 10+,10.7,"1,369",N/A,,,,Conflict,188,1.9.0,19/1/9,N/A,,
Libertas,Zekk,Memory Archive: Original,Kurorak,PST 3,3.5,476,Kurorak,PRS 5,5.5,514,Kurorak + Nitro,FTR 9,9.2,947,Exschwasion -unbound-,BYD 10,10.5,"1,048",Light,160,1.9.2,19/2/11,5.3.0,24/1/25,✓
Solitary Dream,ak+q feat. Sennzai,Eternal Core,,PST 4,4.0,712,,PRS 7,7.0,854,,FTR 8+,8.8,972,N/A,,,,Light,162,1.9.3,19/3/9,N/A,,✓
Antithese,Blacklolita,Absolute Reason,chaos//engine,PST 2,2.0,845,chaos//engine,PRS 5,5.0,826,chaos//engine,FTR 8+,8.8,877,石樂,BYD 9,9.5,968,Conflict,172,2.0.0,19/3/21,3.10.0,21/12/9,✓
Black Territory,DJ Myosuke,Absolute Reason,NitroNukeδ,PST 3,3.0,627,NitroNukeδ,PRS 7,7.5,785,NitroNukeδ,FTR 9+,9.8,"1,195",N/A,,,,Conflict,200,2.0.0,19/3/21,N/A,,✓
Corruption,3R2,Absolute Reason,₸öα$†ε₹,PST 3,3.0,664,₸öα$†ε₹,PRS 6,6.5,847,₸öα$†ε₹,FTR 9+,9.8,"1,293",N/A,,,,Conflict,170,2.0.0,19/3/21,N/A,,✓
Vicious Heroism,Kobaryo,Absolute Reason,Nitro vanquish Toaster.,PST 4,4.0,430,Nitro vanquish Toaster.,PRS 7,7.5,756,Nitro vanquish Toaster.,FTR 10,10.0,"1,150",N/A,,,,Conflict,256,2.0.0,19/3/21,N/A,,✓
Cyaegha,USAO,Absolute Reason,夜浪、旧支配者,PST 5,5.5,760,夜浪、旧支配者,PRS 8,8.4,984,夜浪、旧支配者,FTR 10+,10.7,"1,368",N/A,,,,Conflict,200,2.0.0,19/3/21,N/A,,✓
Grimheart,Puru,Arcaea,Toaster,PST 2,2.5,728,Toaster,PRS 5,5.0,699,Toaster,FTR 8+,8.7,959,N/A,,,,Light,170,2.0.0,19/3/21,N/A,,
ReviXy,ikaruga_nex,Arcaea,Revoke Kurorak,PST 3,3.0,538,Revoke Kurorak,PRS 7,7.0,729,Revoke Kurorak,FTR 9,9.0,"1,047",N/A,,,,Conflict,115-185,2.0.0,19/3/21,N/A,,
"Red and Blue
and Green","fn(Arcaea
SoundTeam)",Arcaea,N/A,,,,N/A,,,,"《WARNING》
-chartaesthesia- and †chartaesthesia† UNCHAINED",FTR ?,0.0,"1,508","moonquay ""retrograde"" BLUE=LEFT RIGHT=RED",BYD 10,10.0,"1,194",Conflict,160,2.0.2,19/4/1,3.12.2,22/3/9,✓
VECTOЯ,WHITEFISTS,Arcaea,Nitro,PST 3,3.0,675,Nitro,PRS 7,7.0,"1,002",Nitro,FTR 9,9.4,"1,299",N/A,,,,Conflict,200,2.0.3,19/5/2,N/A,,
SUPERNOVA,BACO,Arcaea,東超新星,PST 3,3.0,664,東超新星,PRS 6,6.0,564,東超新星,FTR 9+,9.7,"1,123",N/A,,,,Conflict,150,2.0.3,19/5/2,N/A,,
"Dot to Dot
feat. shully",Mameyudoufu,Memory Archive: Variety,•Nitro•,PST 3,3.0,453,•Nitro•,PRS 6,6.0,522,•Nitro•,FTR 8,8.3,739,N/A,,,,Light,174,2.0.3,19/5/2,N/A,,
Garakuta Doll Play,t+pazolite,CHUNITHM,Arcaea Charting Team 【Royal Flush】,PST 4,4.5,444,Arcaea Charting Team 【Royal Flush】,PRS 6,6.5,572,Arcaea Charting Teamからの挑戦状,FTR 10,10.4,"1,035",N/A,,,,Conflict,256,2.1.0,19/5/23,N/A,,
Ikazuchi,光吉猛修,CHUNITHM,"先史の機械神
【夜浪】",PST 3,3.5,656,"先史の機械神
【夜浪】",PRS 7,7.5,976,"先史の機械神
【夜浪】",FTR 10,10.4,"1,347",N/A,,,,Conflict,200,2.1.0,19/5/23,N/A,,
World Vanquisher,void (Mournfinale),CHUNITHM,処刑人 【東星】,PST 2,2.5,529,処刑人 【東星】,PRS 5,5.5,759,処刑人 【東星】,FTR 10+,10.8,"1,452",N/A,,,,Light,170,2.1.0,19/5/23,N/A,,
Particle Arts,Virtual Self,Adverse Prelude,小東星,PST 3,3.5,529,小東星,PRS 6,6.0,637,小東星,FTR 8+,8.8,925,N/A,,,,Conflict,162-175,2.2.0,19/7/18,N/A,,
Vindication,Laur,Adverse Prelude,Toaster,PST 4,4.0,721,Toaster,PRS 6,6.5,899,Nitro vs Toaster,FTR 9,9.6,"1,075",N/A,,,,Light,174,2.2.0,19/7/18,N/A,,✓
Heavensdoor,LeaF,Adverse Prelude,Kurorak,PST 4,4.5,766,Kurorak,PRS 7,7.5,869,Black Tea,FTR 9+,9.9,"1,101",東星※天の門,BYD 10+,10.8,"1,534",Conflict,240,2.2.0,19/7/18,3.10.0,21/12/9,✓
Ringed Genesis,Edelritter,Adverse Prelude,夜浪 vs Nitro,PST 5,5.5,672,夜浪 vs Nitro,PRS 8,8.4,860,夜浪 vs Nitro,FTR 10+,10.8,"1,146",N/A,,,,Light,160,2.2.0,19/7/18,N/A,,✓
Dreadnought,"Mastermind
(xi + nora2r)",Memory Archive: Variety,Astronomer (Toaster + 東星),PST 4,4.0,715,Astronomer (Toaster + 東星),PRS 7,7.0,897,Astronomer (Toaster + 東星),FTR 9+,9.7,"1,099",N/A,,,,Conflict,96-384,2.2.0,19/7/18,N/A,,
Chelsea,7mai,Sunset Radiance,TaroNuke,PST 3,3.0,388,TaroNuke,PRS 6,6.0,503,TaroNuke,FTR 8+,8.9,650,N/A,,,,Light,174,2.3.0,19/8/22,N/A,,✓
AI[UE]OON,MYUKKE.,Sunset Radiance,N[I]TRO,PST 3,3.5,436,N[I]TRO,PRS 6,6.5,623,N[I]TRO,FTR 9,9.4,989,N/A,,,,Light,145,2.3.0,19/8/22,N/A,,✓
A Wandering Melody of Love,からとP⍺ոchii少年 feat. はるの,Sunset Radiance,恋のToaster,PST 3,3.5,422,恋のToaster,PRS 7,7.5,670,恋のToaster,FTR 9,9.6,931,N/A,,,,Light,165,2.3.0,19/8/22,N/A,,✓
Tie me down gently,"溝口ゆうま
feat. 大瀬良あい",Sunset Radiance,Kurorak,PST 3,3.0,581,Kurorak,PRS 5,5.5,535,Kurorak,FTR 8,8.3,724,N/A,,,,Conflict,191,2.3.0,19/8/22,N/A,,✓
Valhalla:0,Juggernaut.,Sunset Radiance,夜浪,PST 4,4.5,624,夜浪,PRS 7,7.5,893,夜浪,FTR 10,10.4,"1,173",N/A,,,,Conflict,200,2.3.0,19/8/22,N/A,,✓
Mirzam,Aoi vs. siqlo,Memory Archive: Original,"東星※
おおいぬ座β星",PST 4,4.0,662,"東星※
おおいぬ座β星",PRS 7,7.5,885,"東星※
おおいぬ座β星",FTR 10,10.0,"1,303",N/A,,,,Conflict,201,2.3.2,19/9/7,N/A,,✓
GLORY ： ROAD,"uma vs.
モリモリあつし",Crimson Solace,東星※紅空,PST 4,4.5,868,東星※紅空,PRS 7,7.0,999,東星※紅空,FTR 10,10.6,"1,479",N/A,,,,Light,250,2.4.0,19/10/8,N/A,,✓
Diode,Kolaa,Arcaea,Kurorak,PST 2,2.5,452,Kurorak,PRS 5,5.5,472,Kurorak,FTR 8,8.1,709,N/A,,,,Light,132,2.4.0,19/10/8,N/A,,✓
FREEF4LL,YUKIYANAGI,Arcaea,N↓TRO,PST 4,4.0,589,N↓TRO,PRS 7,7.0,782,N↓TRO,FTR 8,8.6,"1,023",TO4STER,BYD 9+,9.8,"1,336",Conflict,170,2.4.0,19/10/8,4.1.4,22/11/10,✓
Monochrome Princess,polysha,Arcaea,N↕︎tro,PST 4,4.5,621,N↕︎tro,PRS 7+,7.8,756,N↕︎tro,FTR 9+,9.7,974,N/A,,,,Conflict,160,2.4.3,19/10/26,N/A,,✓
Heavenly caress,Noah,Memory Archive: Original,Toaster,PST 3,3.5,855,Toaster,PRS 7,7.5,909,Toaster,FTR 9+,9.8,"1,560",N/A,,,,Light,241,2.4.3,19/10/26,N/A,,✓
Senkyou,MYTK,Arcaea,k//eternal,PST 3,3.0,627,k//eternal,PRS 5,5.5,722,k//eternal,FTR 8+,8.7,964,N/A,,,,Light,90,2.4.5,19/11/18,N/A,,✓
Filament,Puru,Memory Archive: Original,Toaster,PST 4,4.5,582,Toaster,PRS 7+,7.8,780,Toaster,FTR 9+,9.7,991,N/A,,,,Light,170,2.4.5,19/11/18,N/A,,✓
Avant Raze,"Sampling
Masters MEGA",Memory Archive: Partner,Avant Toast,PST 3,3.5,580,Avant Toast,PRS 6,6.5,727,Avant Toast,FTR 9,9.6,"1,125",N/A,,,,Conflict,200,2.4.7,19/12/9,N/A,,✓
BATTLE NO.1,"TANO*C
Sound Team",Memory Archive: Variety,Arcaea Team,PST 3,3.5,476,Arcaea Team,PRS 6,6.5,677,Arcaea Team,FTR 9+,9.7,"1,042",N/A,,,,Conflict,200,2.4.9,20/1/15,N/A,,
La'qryma of the Wasteland,DJ Noriken,Memory Archive: Original,Toaster,PST 3,3.5,447,Toaster,PRS 6,6.5,651,Toaster,FTR 9,9.1,956,"Nitro
「The Forsaken」",BYD 9+,9.9,"1,161",Conflict,168,2.5.0,20/1/22,3.6.4,21/6/30,✓
Einherjar Joker,DJ Genki vs. Gram,Memory Archive: Original,Requiem TaroNuke,PST 4,4.0,582,Requiem TaroNuke,PRS 7,7.0,767,Requiem TaroNuke,FTR 9+,9.8,"1,159",~REQUIEM~ 夜浪,BYD 10+,10.9,"1,857",Conflict,222,2.5.0,20/1/22,5.3.0,24/1/25,✓
IZANA,"t+pazolite
vs. P*Light",Memory Archive: Original,NITRO,PST 5,5.0,609,NITRO,PRS 8,8.3,836,NITRO,FTR 10,10.3,976,N/A,,,,Light,222,2.5.0,20/1/22,N/A,,✓
SAIKYO STRONGER,"REDALiCE
vs. USAO",Memory Archive: Partner,"最強FUMEN
(夜浪 ft. 東星)",PST 5,5.5,654,"最強FUMEN
(夜浪 ft. 東星)",PRS 9,9.4,"1,067","最強FUMEN
(夜浪 ft. 東星)",FTR 11,11.0,"1,384",N/A,,,,Conflict,205,2.5.0,20/1/22,N/A,,✓
world.execute(me);,Mili,Arcaea,toaster.chart(this);,PST 3,3.5,452,toaster.chart(this);,PRS 5,5.0,582,toaster.chart(this);,FTR 8,8.0,851,N/A,,,,Light,130,2.5.2,20/2/21,N/A,,
BLRINK,Sta,Adverse Prelude,過去の縁,PST 3,3.5,400,現在の縁,PRS 7+,7.8,683,未来の縁,FTR 9+,9.7,"1,015",N/A,,,,Conflict,115,2.5.3,20/3/9,N/A,,✓
"corps-sans-
organes",cybermiso,Ambivalent Vision,夜浪 「月食」,PST 4,4.5,438,夜浪 「月食」,PRS 7+,7.8,615,夜浪 「月食」,FTR 10,10.6,"1,077",N/A,,,,Conflict,105,2.6.0,20/3/25,N/A,,✓
Oblivia,Saiph,Arcaea,Toaster,PST 3,3.5,574,Toaster,PRS 5,5.0,517,Toaster,FTR 8,8.3,956,"Nitro
「The Forgotten」",BYD 9+,9.7,"1,021",Light,180,2.6.0,20/3/25,5.3.0,24/1/25,✓
amygdata,nitro,Memory Archive: Original,Nitro,PST 4,4.0,504,Nitro,PRS 7,7.5,711,Nitro,FTR 9+,9.7,"1,199",N/A,,,,Conflict,154,2.6.0,20/3/25,N/A,,✓
Singularity VVVIP,Arcaea Sound Team against ETIA.,Binary Enfold,N/A,,,,N/A,,,,"《WARNING》
Arcaea Charting Team
【Electrify】 vs TaroNuke",FTR ?,0.0,770,Exschwasion against. 絶滅,BYD 10,10.4,"1,114",Conflict,175,2.6.1,20/4/1,3.12.2,22/3/9,✓
Equilibrium,Maozon,Black Fate,Kurorak,PST 3,3.5,587,Kurorak,PRS 6,6.5,724,Kurorak,FTR 9,9.4,951,N/A,,,,Light,180,3.0.0,20/5/27,N/A,,✓
Antagonism,Yooh vs. siromaru,Black Fate,Toaster,PST 4,4.5,431,Toaster,PRS 7+,7.8,738,Toaster,FTR 9+,9.9,"1,142",N/A,,,,Conflict,160,3.0.0,20/5/27,N/A,,✓
Lost Desire,"Powerless
feat. Sennzai",Black Fate,Darkest Dream,PST 4,4.0,684,Darkest Dream,PRS 7+,7.8,871,Darkest Dream,FTR 9+,9.8,"1,154",N/A,,,,Conflict,170,3.0.0,20/5/27,N/A,,✓
#1f1e33,かめりあ(EDP),Black Fate,夜浪,PST 5,5.5,765,夜浪,PRS 9,9.2,"1,144","夜浪 VS 東星 ""Convergence""",FTR 10+,10.9,"1,576",N/A,,,,Conflict,181,3.0.0,20/5/27,N/A,,✓
Dantalion,Team Grimoire,Black Fate,夜浪,PST 5,5.0,731,東星,PRS 8,8.2,843,"夜浪 X 東星
""The Lost""",FTR 10+,10.9,"1,476",N/A,,,,Conflict,186,3.0.0,20/5/27,N/A,,✓
Tempestissimo,t+pazolite,Black Fate,Prelude - Overture,PST 7,7.0,919,Convergence - Intermezzo,PRS 9,9.5,"1,034",Onslaught - Crescendo,FTR 10+,10.7,"1,254","Finale -
The Tempest",BYD 11,11.5,"1,540",Conflict,231,3.0.0,20/5/27,3.0.0,20/5/27,✓
Arcahv,Feryquitous,Black Fate,∅,PST 4,4.5,818,∅,PRS 7+,7.8,884,∅,FTR 9+,9.9,"1,065",N/A,,,,Light,191,3.0.0,20/5/27,N/A,,✓
1F√,WHITEFISTS,Extend Archive 1: Visions,Nitro,PST 2,2.5,411,Nitro,PRS 6,6.5,539,Nitro,FTR 8,8.2,758,N/A,,,,Light,130,3.0.0,20/5/27,N/A,,
"Gekka
(Short Version)",Nhato,Extend Archive 1: Visions,Nitro,PST 4,4.0,559,Nitro,PRS 6,6.5,628,Nitro,FTR 8,8.6,817,N/A,,,,Light,132,3.0.0,20/5/27,N/A,,
Give Me a Nightmare,アリスシャッハと魔法の楽団,Extend Archive 1: Visions,CERiNG,PST 3,3.5,676,CERiNG,PRS 5,5.5,817,CERiNG,FTR 8+,8.9,948,N/A,,,,Conflict,95-190,3.0.0,20/5/27,N/A,,✓
Vivid Theory,ak+q,Extend Archive 1: Visions,TaroNuke,PST 2,2.0,447,TaroNuke,PRS 5,5.0,658,TaroNuke,FTR 8+,8.8,885,N/A,,,,Light,178,3.0.0,20/5/27,N/A,,✓
Black Lotus,wa.,Extend Archive 1: Visions,Exschwasion,PST 3,3.0,653,Exschwasion,PRS 6,6.5,687,Exschwasion,FTR 9+,9.7,965,N/A,,,,Conflict,200,3.0.0,20/5/27,N/A,,
Altale,Sakuzyo,Memory Archive: Variety,Kurorak,PST 2,2.5,357,Kurorak,PRS 5,5.5,424,Kurorak,FTR 9+,9.7,690,N/A,,,,Light,83-90,3.0.0,20/5/27,N/A,,
"Faint Light
(Arcaea Edit)",Taishi,Extend Archive 1: Visions,Nitro,PST 3,3.0,587,Nitro,PRS 6,6.0,711,Nitro,FTR 9,9.1,809,N/A,,,,Light,133,3.0.3,20/7/8,N/A,,
"Feels So Right
feat. Renko",Mysteka,Memory Archive: Variety,Toaster,PST 3,3.5,594,Toaster,PRS 6,6.5,636,Toaster,FTR 9,9.3,947,N/A,,,,Light,180,3.0.3,20/7/8,N/A,,
Scarlet Cage,Daisuke Kurosawa,Memory Archive: Partner,赤Nitro,PST 4,4.0,570,赤Nitro,PRS 7,7.5,711,赤Nitro,FTR 9+,9.8,"1,195",N/A,,,,Conflict,166,3.0.3,20/7/8,N/A,,✓
Teriqma,owl＊tree,Memory Archive: Music Game,Nitro,PST 3,3.0,345,Nitro,PRS 6,6.5,579,Nitro,FTR 9,9.4,873,én 200716,BYD 9+,9.7,954,Conflict,128,3.0.5,20/7/16,4.4.0,23/3/23,
MAHOROBA,Zekk,Memory Archive: Partner,Nitro,PST 3,3.0,422,Nitro,PRS 6,6.5,632,TaroNuke + Nitro,FTR 9,9.5,828,N/A,,,,Light,195,3.0.6,20/8/7,N/A,,✓
BADTEK,EBIMAYO,Memory Archive: Original,Toaster,PST 4,4.0,532,Toaster,PRS 7,7.0,595,"BADTOAST
feat. Kurorak",FTR 9+,9.7,916,N/A,,,,Conflict,190,3.1.0,20/8/21,N/A,,✓
Malicious Mischance,s-don,Memory Archive: Partner,×NITRO×,PST 4,4.0,510,×NITRO×,PRS 7+,7.8,706,×NITRO×,FTR 10,10.2,"1,126",N/A,,,,Conflict,155,3.1.2,20/9/3,N/A,,✓
Got hive of Ra,E.G.G.,Groove Coaster,Groove Nitro,PST 3,3.0,322,Groove Nitro,PRS 6,6.5,509,Groove Nitro,FTR 9+,9.8,794,N/A,,,,Light,268,3.2.0,20/9/16,N/A,,
BUCHiGiRE Berserker,"REDALiCE
vs. MASAKI",Memory Archive: Music Game,夜浪,PST 5,5.0,850,夜浪,PRS 8,8.6,"1,046","東星 vs 夜浪
《BERSERK》",FTR 10+,10.9,"1,412",N/A,,,,Conflict,200,3.2.0,20/9/16,N/A,,
CROSS†OVER,HyuN feat. LyuU,Extend Archive 1: Visions,Exschwasion,PST 4,4.0,653,Exschwasion,PRS 6,6.5,810,Exschwasion,FTR 9,9.4,"1,094",N/A,,,,Conflict,200,3.2.1,20/10/7,N/A,,
Galaxy Friends,Kobaryo,Memory Archive: Variety,Nitrome X,PST 3,3.5,474,Nitrome X,PRS 6,6.0,572,Nitrome X,FTR 9+,9.8,"1,013",N/A,,,,Conflict,300,3.2.1,20/10/7,N/A,,
Lapis,SHIKI,Extend Archive 1: Visions,CERiNG,PST 2,2.0,391,CERiNG,PRS 6,6.0,520,CERiNG,FTR 9,9.4,920,N/A,,,,Light,146,3.2.2,20/10/30,N/A,,
Xeraphinite,BlackY,Memory Archive: Original,東星※空の宝石,PST 3,3.0,383,東星※空の宝石,PRS 7,7.5,643,東星※空の宝石,FTR 9+,9.8,"1,048",N/A,,,,Light,146,3.2.2,20/10/30,N/A,,✓
Xanatos,Tatsh,Memory Archive: Original,XERiNG,PST 4,4.0,735,eXschwasion,PRS 7,7.5,938,XERiNG × eXschwasion × NitromeX,FTR 10,10.0,"1,232",N/A,,,,Conflict,170,3.2.3,20/11/19,N/A,,✓
Eccentric Tale,Yamajet,Ephemeral Page,Nitro,PST 2,2.0,313,Nitro,PRS 5,5.5,483,Nitro,FTR 8,8.4,732,N/A,,,,Conflict,132,3.3.0,20/12/3,N/A,,✓
Alice à la mode,Masanori Akita,Ephemeral Page,Toaster,PST 2,2.5,436,Toaster,PRS 6,6.5,618,Toaster,FTR 9,9.2,872,N/A,,,,Light,80-134,3.3.0,20/12/3,N/A,,✓
Alice's Suitcase,Endorfin.,Ephemeral Page,Kurorak,PST 3,3.5,644,Kurorak,PRS 6,6.0,660,Kurorak,FTR 9,9.1,999,N/A,,,,Light,190,3.3.0,20/12/3,N/A,,✓
Jump,Rasmus Faber,Ephemeral Page,Nitroだー！,PST 4,4.0,531,Nitroだー！,PRS 6,6.0,622,Nitroだー！,FTR 9,9.0,841,N/A,,,,Light,133,3.3.0,20/12/3,N/A,,✓
Felis,M2U,Ephemeral Page,東星,PST 4,4.0,463,東星,PRS 7,7.5,624,東星,FTR 10,10.4,"1,153",N/A,,,,Light,155,3.3.0,20/12/3,N/A,,✓
Purple Verse,Hommarju,Extend Archive 1: Visions,Exschwasion,PST 4,4.0,558,Exschwasion,PRS 7,7.5,664,Exschwasion,FTR 9,9.6,"1,023",/ERROR/ 絶滅,BYD 10,10.6,"1,202",Conflict,170,3.3.0,20/12/3,5.3.0,24/1/25,✓
Beside You,江口孝宏,The Journey Onwards,CERiNG,PST 2,2.5,526,CERiNG,PRS 6,6.0,634,CERiNG,FTR 8+,8.7,703,N/A,,,,Light,181,3.3.1,20/12/9,N/A,,✓
Heart Jackin',Yu_Asahina,The Journey Onwards,TaroNuke + Nitro,PST 3,3.0,506,TaroNuke + Nitro,PRS 5,5.5,543,TaroNuke + Nitro,FTR 9+,9.7,"1,112",N/A,,,,Light,160,3.3.1,20/12/9,N/A,,✓
To: Alice Liddell,モリモリあつし,The Journey Onwards,"Yours Sincerely,
夜浪",PST 4,4.0,535,"Yours Sincerely,
夜浪",PRS 7,7.5,674,"Yours Sincerely,
夜浪",FTR 10,10.3,998,N/A,,,,Conflict,222,3.3.1,20/12/9,N/A,,✓
Lazy Addiction,sky_delta,O.N.G.E.K.I.,Nitro without Toaster.,PST 2,2.5,462,Nitro without Toaster.,PRS 6,6.0,647,Nitro without Toaster.,FTR 9,9.6,"1,031",N/A,,,,Light,185,3.4.0,20/12/17,N/A,,
Dazzle hop,"Sampling
Masters MEGA",O.N.G.E.K.I.,Kuro rak,PST 3,3.5,561,Kuro rak,PRS 6,6.5,571,Kuro rak,FTR 9+,9.7,"1,022",N/A,,,,Conflict,220,3.4.0,20/12/17,N/A,,
Viyella's Tears,Laur,O.N.G.E.K.I.,東星の涙,PST 4,4.0,716,東星の涙,PRS 7+,7.8,942,東星の涙,FTR 10,10.3,"1,403",N/A,,,,Conflict,218,3.4.0,20/12/17,N/A,,
ω4,"穴山大輔 vs.
光吉猛修 vs. Kai",O.N.G.E.K.I.,τ0,PST 3,3.5,816,τ0,PRS 7+,7.8,943,τ0,FTR 10+,10.8,"1,393",N/A,,,,Light,71-192,3.4.0,20/12/17,N/A,,
April showers,cubesato,maimai,Nitro-100号,PST 2,2.0,363,Nitro-100号,PRS 5,5.5,544,Nitro-100号,FTR 8,8.6,697,N/A,,,,Light,79,3.4.1,21/1/8,N/A,,
7thSense,削除,maimai,石樂,PST 3,3.0,360,石樂,PRS 7+,7.8,739,石樂,FTR 9+,9.9,925,N/A,,,,Conflict,150,3.4.1,21/1/8,N/A,,
Oshama Scramble!,t+pazolite,maimai,Nitro!+9牛乳,PST 3,3.5,508,Nitro!+99牛乳,PRS 6,6.5,568,Nitro!+999牛乳,FTR 10,10.0,"1,073",N/A,,,,Light,190,3.4.1,21/1/8,N/A,,
AMAZING MIGHTYYYY!!!!,WAiKURO,maimai,AMAZING TOASTYYYY!!!!,PST 4,4.5,624,AMAZING TOASTYYYY!!!!,PRS 7+,7.8,776,AMAZING TOASTYYYY!!!!,FTR 10+,10.7,"1,249",N/A,,,,Conflict,185,3.4.1,21/1/8,N/A,,
Climax,USAO,CHUNITHM 2,"Nitro
-EXTRA ROUND-",PST 4,4.5,773,"Nitro
-EXTRA ROUND-",PRS 7+,7.8,988,"Nitro
-EXTRA ROUND-",FTR 10,10.4,"1,367",N/A,,,,Conflict,190,3.5.0,21/1/21,N/A,,
Last Celebration,Laur vs. CK,CHUNITHM 2,Nitro affected by 'CHUNITHM',PST 3,3.5,969,Nitro affected by 'CHUNITHM',PRS 6,6.5,994,Nitro affected by 'CHUNITHM',FTR 10,10.5,"1,475",N/A,,,,Conflict,238,3.5.0,21/1/21,N/A,,
"Misdeed
-la bonté de Dieu et l'origine du mal-","光吉猛修
vs. 穴山大輔",CHUNITHM 2,"神の啓示
「人類の限界」",PST 5,5.5,814,"神の啓示
「人類の希望」",PRS 8,8.5,"1,070","神の啓示
「人類の未来」",FTR 10+,10.9,"1,522",N/A,,,,Light,190,3.5.0,21/1/21,N/A,,
AttraqtiA,かめりあ,Memory Archive: Original,Toaster affected by 'CHUNITHM',PST 4,4.0,732,Toaster affected by 'CHUNITHM',PRS 8,8.3,"1,002",Toaster affected by 'CHUNITHM',FTR 10,10.6,"1,433",N/A,,,,Light,202,3.5.0,21/1/21,N/A,,✓
Glow,SPACELECTRO,Extend Archive 1: Visions,Exschwasion,PST 4,4.0,504,Exschwasion,PRS 7,7.5,666,Exschwasion,FTR 9,9.3,916,N/A,,,,Conflict,165,3.5.0,21/1/21,N/A,,✓
enchanted love,linear ring,Extend Archive 1: Visions,Toaster,PST 2,2.0,436,Toaster,PRS 4,4.5,617,Toaster,FTR 8,8.6,759,N/A,,,,Light,95,3.5.1,21/2/11,N/A,,
Bamboo,立秋 feat. ちょこ,Extend Archive 1: Visions,竹の子,PST 3,3.0,499,竹の子,PRS 6,6.5,631,竹の子,FTR 10,10.0,"1,050",N/A,,,,Light,5-315,3.5.1,21/2/11,N/A,,
"GIMME
DA BLOOD",C-Show,Memory Archive: Partner,夜浪,PST 3,3.5,582,夜浪,PRS 7,7.5,737,夜浪,FTR 10,10.4,"1,093",N/A,,,,Conflict,87-110,3.5.2,21/3/9,N/A,,✓
overdead.,fn,Memory Archive: Original,N/A,,,,N/A,,,,《WARNING》 -chartaesthesia- LIMITER:underflow_error% (OVERDRIVE:+overflow_error%),FTR ?,0.0,"1,228",絶滅 over 夜浪.,BYD 10,10.5,"1,503",Conflict,500,3.5.3,21/4/1,3.12.2,22/3/9,✓
Life is PIANO,Junk,Extend Archive 1: Visions,Nitro,PST 3,3.5,398,Nitro,PRS 6,6.0,437,Nitro,FTR 9,9.1,674,N/A,,,,Light,133,3.5.4,21/4/9,N/A,,
Can I Friend You on Bassbook? Lol,"かめりあ
feat. ななひら",Memory Archive: Variety,トースト食べる？笑,PST 3,3.0,415,トースト食べる？笑,PRS 6,6.5,548,トースト食べる？笑,FTR 9,9.3,861,N/A,,,,Light,128,3.5.4,21/4/9,N/A,,
Paper Witch,Yu-dachi,Esoteric Order,CERiNG,PST 2,2.0,348,CERiNG,PRS 5,5.0,487,CERiNG,FTR 8+,8.7,793,N/A,,,,Light,130,3.6.0,21/5/11,N/A,,✓
Crystal Gravity,"Tanchiky
vs. siromaru",Esoteric Order,Exschwasion,PST 3,3.5,571,Exschwasion,PRS 6,6.5,653,Exschwasion,FTR 9,9.4,872,N/A,,,,Conflict,178,3.6.0,21/5/11,N/A,,✓
Far Away Light,"technoplanet feat.
はるの & 黒沢ダイスケ",Esoteric Order,Toaster,PST 4,4.5,656,Toaster,PRS 7+,7.8,769,Toaster,FTR 9+,9.8,"1,322",N/A,,,,Light,180-216,3.6.0,21/5/11,N/A,,✓
Löschen,"BlackY feat.
Risa Yuzuki",Esoteric Order,絶滅,PST 3,3.5,642,絶滅,PRS 7,7.0,850,絶滅,FTR 10,10.2,"1,235",N/A,,,,Conflict,181,3.6.0,21/5/11,N/A,,✓
Aegleseeker,"Silentroom
vs. Frums",Esoteric Order,<RECORD START> 0:,PST 5,5.5,973,"<OBSRV> boundary(?°a,?°A)",PRS 9,9.1,"1,235",L₆: The Void,FTR 11,11.1,"1,568",N/A,,,,Light,234,3.6.0,21/5/11,N/A,,✓
Coastal Highway,Glitch Droids,Pale Tapestry,Exschwasion,PST 3,3.0,355,Exschwasion,PRS 6,6.0,479,Exschwasion,FTR 9,9.0,732,N/A,,,,Light,110,3.6.0,21/5/11,N/A,,✓
ΟΔΥΣΣΕΙΑ,Sober Bear,Pale Tapestry,ΤΟΑΣΤΕΡ,PST 4,4.0,717,ΤΟΑΣΤΕΡ,PRS 7+,7.8,909,ΤΟΑΣΤΕΡ,FTR 9,9.5,"1,092",N/A,,,,Conflict,174,3.6.0,21/5/11,N/A,,✓
Overwhelm,xi,Pale Tapestry,夜浪,PST 5,5.0,854,夜浪,PRS 8,8.5,"1,038",夜浪,FTR 10,10.6,"1,251",N/A,,,,Light,200,3.6.0,21/5/11,N/A,,✓
Vandalism,Ashrount,Extend Archive 1: Visions,Kurorak,PST 3,3.5,668,Kurorak,PRS 7,7.0,685,Kurorak,FTR 9+,9.7,"1,087",N/A,,,,Conflict,194,3.6.0,21/5/11,N/A,,✓
First Snow,黒魔,Divided Heart,Nitro,PST 2,2.5,366,Nitro,PRS 4,4.5,442,Nitro,FTR 7+,7.8,578,N/A,,,,Light,88,1.0.0c 3.10.0,21/5/18 21/12/9,N/A,,✓
Blocked Library,影虎。,Divided Heart,Exschwasion,PST 3,3.5,449,Exschwasion,PRS 6,6.5,622,Exschwasion,FTR 9,9.3,850,N/A,,,,Conflict,148,1.0.0c 3.10.0,21/5/18 21/12/9,N/A,,✓
Blue Rose,Cosmograph,Divided Heart,CERiNG,PST 2,2.0,595,CERiNG,PRS 6,6.0,669,CERiNG,FTR 9,9.1,955,N/A,,,,Light,250-295,1.0.0c 3.10.0,21/5/18 21/12/9,N/A,,✓
nέo κósmo,ak+q × Street,Divided Heart,Nitro × Toaster,PST 4,4.0,603,Nitro × Toaster,PRS 7+,7.8,791,Nitro × Toaster,FTR 9+,9.7,979,N/A,,,,Conflict,190,1.0.0c 3.10.0,21/5/18 21/12/9,N/A,,✓
Lightning Screw,HiTECH NINJA,Divided Heart,東星,PST 4,4.5,611,東星,PRS 7+,7.8,811,東星,FTR 10,10.5,"1,192",N/A,,,,Light,190,1.0.0c 3.10.0,21/5/18 21/12/9,N/A,,✓
Turbocharger,A/I,Extend Archive 1: Visions,Toaster,PST 2,2.5,419,Toaster,PRS 6,6.0,659,Toaster,FTR 9,9.0,979,N/A,,,,Light,128-170,3.6.2,21/6/10,N/A,,✓
Aurgelmir,"溝口ゆうま
feat. 大瀬良あい",Memory Archive: Music Game,夜浪,PST 4,4.5,540,夜浪,PRS 8,8.5,765,夜浪,FTR 10,10.5,"1,100",N/A,,,,Conflict,122-230,1.1.0c 3.12.4,21/6/22 22/3/23,N/A,,
THE ULTIMACY,"aran vs.
Massive New Krew",Memory Archive: Original,東星 vs Toaster,PST 3,3.0,749,東星 vs Toaster,PRS 7,7.0,919,東星 vs Toaster,FTR 9+,9.8,"1,304",N/A,,,,Conflict,200,3.6.4,21/6/30,N/A,,✓
REKKA RESONANCE,"REDALiCE
vs. Kobaryo",Memory Archive: Partner,夜浪 vs Nitro,PST 5,5.0,860,夜浪 vs Nitro,PRS 8+,8.9,"1,051",夜浪 vs Nitro,FTR 10+,10.7,"1,212",N/A,,,,Light,240,3.6.4,21/6/30,N/A,,✓
Seclusion,Laur feat. Sennzai,Esoteric Order,Exschwasion,PST 4,4.0,544,Exschwasion,PRS 7,7.5,762,N•Ex•T,FTR 10,10.6,"1,132",N/A,,,,Conflict,175,3.7.0,21/7/21,N/A,,✓
"Small Cloud
Sugar Candy","テヅカ × Aoi
feat. 桃雛なの",Light of Salvation,én,PST 3,3.0,548,én,PRS 6,6.5,727,én,FTR 9,9.1,919,N/A,,,,Light,220,3.7.0,21/7/21,N/A,,✓
AlterAle,"Arik Kau Delay
(アラ & かゆき & でり)",Light of Salvation,CERiNG,PST 3,3.0,728,CERiNG,PRS 6,6.0,881,CERiNG,FTR 9+,9.7,"1,277",N/A,,,,Light,220-245,3.7.0,21/7/21,N/A,,✓
"Divine Light
of Myriad",yoho,Light of Salvation,東星※神授,PST 4,4.5,798,東星※神授,PRS 7+,7.8,835,東星※神授,FTR 10+,10.8,"1,021",N/A,,,,Light,172,3.7.0,21/7/21,N/A,,✓
False Embellishment,影虎。 & ikaruga_nex,Extend Archive 1: Visions,Exschwasion,PST 3,3.5,576,Exschwasion,PRS 6,6.5,684,Exschwasion,FTR 9,9.3,969,N/A,,,,Conflict,155,3.7.0,21/7/21,N/A,,✓
HIVEMIND,かたぎり,Extend Archive 1: Visions,NITRO -unconnected-,PST 4,4.0,995,NITRO -unconnected-,PRS 8,8.6,988,NITRO -unconnected-,FTR 10,10.0,"1,252",N/A,,,,Conflict,252,3.7.0,21/7/21,N/A,,✓
Quon,DJ Noriken,WACCA,CERiNG,PST 2,2.5,425,CERiNG,PRS 6,6.0,496,CERiNG,FTR 8+,8.7,749,"XIII: The
Journey/Nitro",BYD 10,10.2,"1,044",Conflict,170,3.8.0,21/8/10,3.8.0,21/8/10,
"Let you DIVE!
(nitro rmx)",nitro (lowiro),WACCA,Nitro,PST 3,3.0,608,Nitro,PRS 6,6.5,819,Nitro,FTR 9,9.4,"1,049",N/A,,,,Light,185,3.8.0,21/8/10,N/A,,✓
with U,t+pazolite & Massive New Krew feat. リリィ (CV: 青木志貴),WACCA,én,PST 2,2.5,448,én,PRS 6,6.5,649,én,FTR 9,9.4,932,N/A,,,,Light,155,3.8.0,21/8/10,N/A,,
Mazy Metroplex,aran,WACCA,Exschwasion,PST 3,3.0,453,Exschwasion,PRS 7+,7.8,704,Exschwasion,FTR 9+,9.7,952,N/A,,,,Light,155,3.8.0,21/8/10,N/A,,
GENOCIDER,DJ Myosuke,WACCA,Toaster,PST 4,4.5,832,Toaster,PRS 8+,8.9,"1,025",Toaster,FTR 10+,10.7,"1,483",N/A,,,,Conflict,250-390,3.8.0,21/8/10,N/A,,
"Sheriruth
(Laur Remix)",Laur,Memory Archive: Original,Nitro,PST 4,4.0,671,Nitro,PRS 7,7.8,795,東星※恣意,FTR 10,10.6,"1,134",N/A,,,,Conflict,200,3.8.0,21/8/10,N/A,,✓
blue comet,ああああ,Extend Archive 1: Visions,Toaster,PST 3,3.5,494,Toaster,PRS 5,5.0,645,Toaster,FTR 8,8.2,776,N/A,,,,Light,100-172,3.8.2,21/8/24,N/A,,✓
Evening in Scarlet,Freezer feat. 妃莓,Memory Archive: Partner,Nitroだー！,PST 4,4.0,530,Nitroだー！,PRS 7,7.0,638,Nitroだー！,FTR 9,9.5,922,N/A,,,,Conflict,170,3.8.2,21/8/24,N/A,,✓
"ENERGY
SYNERGY MATRIX",Tanchiky,Extend Archive 1: Visions,POWER NITRO,PST 3,3.5,471,POWER NITRO,PRS 7,7.0,608,POWER NITRO,FTR 9,9.6,922,N/A,,,,Conflict,160,3.8.4,21/9/8,N/A,,
G e n g a o z o,-45,Extend Archive 1: Visions,_ P A S T,PST 4,4.0,580,_ P R E S E N T,PRS 8,8.1,870,_ F U T U R E,FTR 10,10.2,"1,353",N/A,,,,Conflict,153,3.8.6,21/9/28,N/A,,
lastendconductor,zts,Memory Archive: Pop/Recommended,Nitro,PST 3,3.5,726,Nitro,PRS 7,7.5,901,Nitro,FTR 9,9.4,"1,209",Toaster,BYD 10,10.1,"1,339",Conflict,139,3.8.6,21/9/28,3.8.6,21/9/28,
goldenslaughterer,zts,Memory Archive: Pop/Recommended,Exschwasion,PST 4,4.0,864,Exschwasion,PRS 6,6.5,880,Exschwasion,FTR 9+,9.7,"1,326",N/A,,,,Conflict,133,3.8.6,21/9/28,N/A,,
Redolent Shape,Sanaas,Memory Archive: Original,絶滅,PST 4,4.5,570,絶滅,PRS 7,7.5,717,絶滅,FTR 10,10.2,"1,088",N/A,,,,Conflict,150,3.8.8,21/10/21,N/A,,✓
Cosmica,Nhato,Shared Time,Nitro,PST 2,2.5,428,Nitro,PRS 5,5.0,566,Nitro missing Toaster.,FTR 8+,8.8,773,N/A,,,,Conflict,110,3.9.0,21/11/11,N/A,,✓
Ascent,TANUKI,Shared Time,CER↑NG,PST 3,3.0,455,CER↑NG,PRS 6,6.0,626,"Exschwas↑on
with CER↑NG",FTR 9+,9.8,"1,023",N/A,,,,Light,145,3.9.0,21/11/11,N/A,,✓
"Live Fast
Die Young",anubasu-anubasu,Shared Time,Nitro,PST 4,4.5,565,Nitro,PRS 8,8.1,837,Nitro with Toaster.,FTR 10,10.6,"1,292",N/A,,,,Light,153,3.9.0,21/11/11,N/A,,✓
Summer Fireworks of Love,"karatoP⍺ոchii
feat. はるの",Memory Archive: Original,夏のNitro,PST 3,3.0,478,夏のNitro,PRS 6,6.5,641,夏のNitro,FTR 9+,9.9,"1,088",N/A,,,,Light,160,3.9.0,21/11/11,N/A,,✓
PRAGMATISM -RESURRECTION-,Laur,Eternal Core,N/A,,,,N/A,,,,N/A,,,,THE LAST DREAM,BYD 11,11.0,"1,502",Light,174,N/A,,3.10.0,21/12/9,✓
Lights of Muse,Ayatsugu_Otowa,Muse Dash,antymis,PST 2,2.5,333,antymis,PRS 6,6.0,438,antymis,FTR 8+,8.9,580,N/A,,,,Light,180,3.11.0,21/12/24,N/A,,
Final Step!,Lime,Muse Dash,CERiNG,PST 3,3.5,625,CERiNG,PRS 6,6.5,684,CERiNG,FTR 9,9.4,"1,056",N/A,,,,Conflict,180,3.11.0,21/12/24,N/A,,
Haze of Autumn,"karatoP⍺ոchii
feat. はるの",Muse Dash,秋のén,PST 3,3.5,533,秋のén,PRS 7,7.0,733,秋のén,FTR 9+,9.8,"1,077",N/A,,,,Light,180,3.11.0,21/12/24,N/A,,✓
Medusa,HiTECH NINJA,Muse Dash,Toaster,PST 4,4.5,550,Toaster,PRS 7,7.0,645,Toaster,FTR 10,10.2,931,N/A,,,,Conflict,165,3.11.0,21/12/24,N/A,,
init(),kamome sano,Memory Archive: Partner,Toaster,PST 4,4.0,713,Toaster,PRS 7,7.5,957,Toaster,FTR 9+,9.8,"1,204",N/A,,,,Conflict,180,3.11.2,22/1/20,N/A,,✓
"Ävril
-Flicka i krans-",Rigël Theatre,Arcaea,Aster -Får i Vaaris-,PST 3,3.0,459,Aster -Får i Vaaris-,PRS 6,6.0,607,Aster -Får i Vaaris-,FTR 8,8.3,851,N/A,,,,Light,130,3.12.0,22/2/17,N/A,,
NULCTRL,Silentroom,Arcaea,moonquay [CON],PST 3,3.0,407,moonquay [AUX],PRS 7,7.5,410,moonquay [NUL],FTR 9,9.5,715,N/A,,,,Conflict,100,3.12.0,22/2/17,N/A,,
Sakura Fubuki,Street,Arcaea,én,PST 3,3.5,526,én,PRS 6,6.5,571,én,FTR 9,9.3,837,N/A,,,,Light,175,3.12.0,22/2/17,N/A,,
INTERNET OVERDOSE,"Aiobahn
feat. KOTOKO",Memory Archive: Pop/Recommended,Nitro Ch.,PST 3,3.0,430,Nitro Ch.,PRS 6,6.5,578,Nitro Ch.,FTR 8,8.4,657,N/A,,,,Light,163,3.12.0,22/2/17,N/A,,
Macrocosmic Modulation,JAKAZiD,Memory Archive: Original,Exschwas↕on,PST 4,4.0,608,Exschwas↕on,PRS 7+,7.8,794,Exschwas↕︎on,FTR 9+,9.8,"1,117",N/A,,,,Light,170,3.12.0,22/2/17,N/A,,✓
Kissing Lucifer,ETIA.,Memory Archive: Original,NITRO,PST 4,4.5,639,NITRO,PRS 7+,7.8,770,NITRO,FTR 10,10.4,"1,183",N/A,,,,Conflict,170,3.12.0,22/2/17,N/A,,✓
NEO WINGS,"SOUND HOLIC
feat. Nana Takahashi",Memory Archive: Partner,Toaster,PST 4,4.0,591,Toaster,PRS 7,7.5,840,Toaster,FTR 10,10.2,"1,328",N/A,,,,Conflict,168,3.12.0,22/2/17,N/A,,✓
DDD,はがね,Arcaea,én,PST 2,2.5,363,én,PRS 6,6.5,484,én,FTR 8,8.5,653,N/A,,,,Light,138,3.12.4,22/3/23,N/A,,
Head BONK ache,"saaa feat.
MC iwata Bros.",Memory Archive: Variety,Nitro,PST 4,4.0,570,Nitro,PRS 7,7.0,725,Nitro,FTR 9,9.4,"1,061",N/A,,,,Conflict,132-165,3.12.4,22/3/23,N/A,,
Mistempered Malignance,"s-don vs.
nitro (lowiro)",Memory Archive: Partner,N/A,,,,N/A,,,,"《WARNING》
Arcaea Charting Team
「Maledictive Misanthrope」",FTR ?,0.0,944,N/A,,,,Conflict,155,3.12.6,22/4/1,N/A,,✓
Prism,bermei.inazawa feat. Chata,Lanota 2,CERiNG,PST 2,2.0,476,CERiNG,PRS 5,5.0,544,CERiNG,FTR 8,8.0,785,N/A,,,,Light,107-109,3.12.8,22/4/28,N/A,,
Protoflicker,Silentroom,Lanota 2,antymis <prototype>,PST 3,3.0,510,antymis <prototype>,PRS 7,7.0,633,antymis <prototype>,FTR 9+,9.8,"1,042",N/A,,,,Conflict,140,3.12.8,22/4/28,N/A,,
Stasis,Maozon,Lanota 2,東星,PST 4,4.5,848,東星,PRS 7,7.0,935,東星,FTR 10+,10.7,"1,521",N/A,,,,Light,180,3.12.8,22/4/28,N/A,,
"Dancin' on a
Cat's Paw",Ino(chronoize),Arcaea,antymis,PST 3,3.0,417,antymis,PRS 6,6.0,593,antymis,FTR 9,9.2,891,N/A,,,,Light,148,3.12.8,22/4/28,N/A,,
"PICO-Pico-
Translation!","t+pazolite, ななひら, Cranky, Pico*",Memory Archive: Variety,Translated by én,PST 2,2.0,543,Translated by én,PRS 6,6.0,723,Translated by én,FTR 9,9.3,"1,049",N/A,,,,Conflict,185,3.12.8,22/4/28,N/A,,
san skia,ユアミトス,Arcaea,CERiNG,PST 3,3.5,670,CERiNG,PRS 6,6.0,783,CERiNG,FTR 8,8.3,"1,046",N/A,,,,Light,170,3.12.10,22/5/25,N/A,,✓
µ,Frums,Memory Archive,N↕TRO v1.0.5,PST 3,3.5,825,N↕TRO v1.0.5,PRS 7,7.5,986,N↕TRO v1.0.5,FTR 9+,9.7,"1,256",N/A,,,,Light,140-190,3.12.10,22/5/25,N/A,,✓
Defection,"TeddyLoid
feat. DELTA",Final Verdict,"Monolith
Incarnate",PST 3,3.5,588,"Monolith
Incarnate",PRS 6,6.5,800,"Monolith
Incarnate",FTR 9+,9.8,"1,141",N/A,,,,Light,160,4.0.0,22/7/7,N/A,,✓
"Infinite Strife,","BlackYooh
vs. siromaru",Final Verdict,Inner Labyrinth,PST 4,4.0,888,Inner Labyrinth,PRS 7,7.5,"1,081",Inner Labyrinth,FTR 9+,9.9,"1,511",Inner Labyrinth,BYD 10+,10.9,"1,633",Conflict,198,4.0.0,22/7/7,4.0.0,22/7/7,✓
World Ender,"sasakure.UK
× TJ.hangneil",Final Verdict,Imaginary Sky,PST 4,4.0,616,Imaginary Sky,PRS 7+,7.8,850,Imaginary Sky,FTR 9+,9.9,"1,225",Imaginary Sky,BYD 11,11.2,"1,661",Light,190-280,4.0.0,22/7/7,4.0.0,22/7/7,✓
Pentiment,Nothing But Requiem with Museo,Final Verdict,Paradox Blight,PST 7,7.0,911,Paradox Blight,PRS 8+,8.7,"1,055",Paradox Blight,FTR 10,10.3,"1,345",Paradox Blight,BYD 11,11.4,"1,741",Conflict,200-222,4.0.0,22/7/7,4.0.0,22/7/7,✓
Arcana Eden,Team Grimoire vs. Sakuzyo vs. Laur,Final Verdict,Eye of the Storm,PST 5,5.5,"1,097",Eye of the Storm,PRS 8+,8.7,"1,310",Eye of the Storm,FTR 10,10.5,"1,792",Eye of the Storm,BYD 11,11.4,"2,134",Conflict,211,4.0.0,22/7/7,4.0.0,22/7/7,✓
Testify,void (Mournfinale) feat. 星熊南巫,Final Verdict,Eternal¦PAST,PST 7+,7.8,"1,001",Adverse¦PRESENT,PRS 9,9.4,"1,225",Black¦FUTURE,FTR 10+,10.8,"1,766",Silent¦END,BYD 12,12.0,"2,221",Silent,178,4.0.0,22/7/7,4.0.0,22/7/7,✓
"Altair
(feat. *spiLa*)","kamome sano
& you",Arcaea,antymis,PST 2,2.5,670,antymis,PRS 6,6.0,828,antymis,FTR 8,8.5,830,N/A,,,,Light,170,4.0.0,22/7/7,N/A,,
Redraw the Colorless World,MisomyL,Arcaea,antymis ~無色~,PST 4,4.0,568,antymis ~彩色~,PRS 6,6.5,680,antymis ~虹色~,FTR 9,9.2,886,N/A,,,,Light,155,4.0.0,22/7/7,N/A,,
Trap Crow,Puru,Arcaea,CERiNG + Nitro,PST 4,4.5,876,CERiNG + Nitro,PRS 7+,7.8,898,CERiNG + Nitro,FTR 9+,9.9,"1,074",N/A,,,,Conflict,80,4.0.0,22/7/7,N/A,,✓
PUPA,モリモリあつし,Memory Archive: Variety,én -胡蝶の夢-,PST 4,4.0,374,én -胡蝶の夢-,PRS 7+,7.8,684,én -胡蝶の夢-,FTR 10,10.4,"1,099",N/A,,,,Conflict,202,4.0.0,22/7/7,N/A,,
Loveless Dress,かねこちはる,Silent Answer,Final Prayer,PST 3,3.5,537,Final Prayer,PRS 6,6.5,630,Final Prayer,FTR 9,9.6,850,N/A,,,,Silent,99,4.0.255,22/7/13,N/A,,✓
Last,onoken,Silent Answer,Arcaea,PST 4,4.0,680,Arcaea,PRS 7,7.0,781,Arcaea,FTR 9,9.0,831,N/A,,,,Silent,175,4.0.255,22/7/13,N/A,,✓
Last | Moment,onoken,Silent Answer,N/A,,,,N/A,,,,N/A,,,,Arcaea,BYD 9,9.6,888,Silent,175,N/A,,4.0.255,22/7/13,✓
Last | Eternity,onoken,Silent Answer,N/A,,,,N/A,,,,N/A,,,,Arcaea,BYD 9+,9.7,790,Silent,175,N/A,,4.0.255,22/7/13,✓
Callima Karma,"t+pazolite
vs. Feryquitous",Silent Answer,Forlorn Dream,PST 3,3.5,"1,024",Forlorn Dream,PRS 7,7.5,989,Forlorn Dream,FTR 9+,9.8,"1,222",N/A,,,,Silent,95,4.0.255,22/7/13,N/A,,✓
Heart,"削除
(Violin: Katali)",O.N.G.E.K.I. 2,"écologie
(from SEGA)",PST 1,1.0,428,"écologie
(from SEGA)",PRS 5,5.0,575,"écologie
(from SEGA)",FTR 9,9.3,872,N/A,,,,Light,80,4.1.0,22/10/4,N/A,,
Ai Drew,Feryquitous,O.N.G.E.K.I. 2,"moonquay
【新入生】",PST 3,3.5,694,moonquay v.EXPERT,PRS 6,6.5,732,moonquay v.MASTER,FTR 9+,9.8,"1,066",N/A,,,,Conflict,175,4.1.0,22/10/4,N/A,,
FLUFFY FLASH,Kobaryo,O.N.G.E.K.I. 2,Toaster,PST 3,3.5,787,Toaster,PRS 6,6.5,946,Toaster,FTR 9+,9.8,"1,329",N/A,,,,Light,252,4.1.0,22/10/4,N/A,,
"Good bye, Merry-Go-Round.",Yooh,O.N.G.E.K.I. 2,絶滅,PST 4,4.5,679,絶滅,PRS 7,7.5,696,絶滅,FTR 10,10.5,"1,084",N/A,,,,Conflict,185,4.1.0,22/10/4,N/A,,
LAMIA,BlackY,O.N.G.E.K.I. 2,夜浪,PST 5,5.0,826,夜浪 「ノブレス・オブリージュ」,PRS 8,8.5,885,"[漆黒の執行者]
夜浪",FTR 10+,10.9,"1,385",N/A,,,,Conflict,199,4.1.0,22/10/4,N/A,,
cocoro*cosmetic,KOTONOHOUSE,Memory Archive: Original,Nitro,PST 3,3.0,525,Nitro,PRS 7,7.0,687,Nitro,FTR 9,9.2,"1,025",N/A,,,,Light,144,4.1.4,22/11/10,N/A,,✓
Free Myself,lapix feat. mami,Memory Archive: Partner,Exschwasion,PST 4,4.5,662,Exschwasion,PRS 7,7.5,785,Exschwasion -unbound-,FTR 10,10.0,"1,132",N/A,,,,Light,153,4.1.4,22/11/10,N/A,,✓
Dialnote,七草くりむ,Arcaea,Nitroです。,PST 3,3.0,393,Nitroです。,PRS 6,6.0,548,Nitroです。,FTR 8+,8.8,684,N/A,,,,Light,130,4.1.6,22/12/22,N/A,,
Capella,ARForest,Memory Archive: Partner,0°Nitro,PST 4,4.5,884,0°Nitro,PRS 7+,7.8,904,0°Nitro,FTR 10,10.2,"1,159",N/A,,,,Light,210,4.1.6,22/12/22,N/A,,✓
"Tsuki ni Murakumo, Hana ni Kaze",幽閉サテライト,Extend Archive 2: Chronicles,"Lovely Visitor
「Toaster」",PST 3,3.0,468,"Lovely Visitor
「Toaster」",PRS 6,6.0,610,"Lovely Visitor
「Toaster」",FTR 8+,8.7,740,N/A,,,,Conflict,160,4.2.0,23/1/26,N/A,,
MANTIS (Arcaea Ultra-Bloodrush VIP),"Akira Complex
feat. kiraku",Extend Archive 2: Chronicles,ANTyMIS,PST 3,3.0,575,ANTyMIS,PRS 7,7.0,760,ANTyMIS,FTR 9,9.3,"1,014",N/A,,,,Conflict,135,4.2.0,23/1/26,N/A,,
Astra walkthrough,paraoka,Extend Archive 2: Chronicles,Aster,PST 4,4.5,769,Aster,PRS 7+,7.8,886,Aster join Toaster.,FTR 9+,9.9,"1,191",N/A,,,,Conflict,225,4.2.0,23/1/26,N/A,,
World Fragments III(radio edit),xi,Extend Archive 2: Chronicles,én,PST 3,3.5,777,én,PRS 7,7.0,999,"én supported
by Nitro",FTR 9+,9.8,"1,387",N/A,,,,Light,200,4.2.0,23/1/26,N/A,,
Chronicle,Lime,Extend Archive 2: Chronicles,夜浪 -Annales Historiae-,PST 5,5.0,928,夜浪 -Annales Historiae-,PRS 8+,8.9,"1,077",夜浪 -Annales Historiae-,FTR 10,10.4,"1,264",N/A,,,,Light,221,4.2.0,23/1/26,N/A,,✓
NULL APOPHENIA,N²,Memory Archive: Partner,夜浪,PST 4,4.5,990,夜浪,PRS 8+,8.8,"1,098","東星 vs 夜浪
《APOPHÄNIE》",FTR 10,10.6,"1,299",N/A,,,,Conflict,177,4.2.0,23/1/26,N/A,,✓
CYCLES,"Masayoshi
Minoshima
feat. 綾倉盟",maimai 2,Nitro,PST 2,2.0,389,N-Helix,PRS 5,5.0,430,N-Helix,FTR 8+,8.8,695,N/A,,,,Light,135,4.3.0,23/3/2,N/A,,
MAXRAGE,EBIMAYO,maimai 2,EXSCHWASION,PST 3,3.5,696,EXSCHWASION,PRS 6,6.5,760,EXSCHWASION,FTR 9+,9.9,"1,184",N/A,,,,Conflict,222,4.3.0,23/3/2,N/A,,
[X],Blacklolita,maimai 2,東星,PST 4,4.5,594,東星,PRS 7+,7.8,782,東星,FTR 10,10.4,"1,190",N/A,,,,Conflict,162-180,4.3.0,23/3/2,N/A,,
TEmPTaTiON,かねこちはる,maimai 2,EXtINcTiON,PST 5,5.0,627,EXtINcTiON,PRS 8,8.2,768,EXtINcTiON,FTR 10+,10.9,"1,099",N/A,,,,Light,160,4.3.0,23/3/2,N/A,,
"Let's Rock
(Arcaea mix)","ikaruga_nex
vs. FALCHiON",Extend Archive 2: Chronicles,Luxance,PST 3,3.0,541,Luxance,PRS 7,7.0,963,Luxance,FTR 9+,9.7,"1,177",N/A,,,,Conflict,210,4.3.0,23/3/2,N/A,,
Crimson Throne,Dimier√Lisb,Memory Archive: Partner,Toaster,PST 4,4.0,727,Toaster,PRS 8,8.0,"1,079",Toaster,FTR 10,10.4,"1,313",N/A,,,,Conflict,210,4.3.0,23/3/2,N/A,,✓
"Hiiro Gekka,
Kyoushou no Zetsu (nayuta 2017 ver.)","nayuta × 黒鳥
(EastNewSound)",Memory Archive: Pop/Recommended,絶滅 Exschwasion 絶滅 Exschwasion,PST 3,3.5,719,絶滅 Exschwasion 絶滅 Exschwasion,PRS 6,6.5,709,絶滅 Exschwasion 絶滅 Exschwasion,FTR 10,10.3,"1,126",N/A,,,,Conflict,150,4.3.0,23/3/2,N/A,,
Manic Jeer,ルゼ,Memory Archive: Original,NITR<O>,PST 4,4.0,698,NITR<O>,PRS 7+,7.8,875,NITR<O>,FTR 10,10.6,"1,286",N/A,,,,Conflict,195,4.3.0,23/3/2,N/A,,✓
PRIMITIVE LIGHTS,TAG,Memory Archive: Original,東星※原始の灯,PST 5,5.5,785,東星※原始の灯,PRS 8+,8.8,"1,073",東星※原始の灯,FTR 10+,10.7,"1,524",N/A,,,,Light,205,4.3.2,23/3/9,N/A,,✓
eden,"""漆黒"" の堕天使
《Gram》 †Versus† ""聖刻""
の熾天使 《Gram》",WACCA 2,反水,PST 4,4.5,826,反水,PRS 8,8.2,"1,194",反水,FTR 10,10.5,"1,365",N/A,,,,Conflict,246,2.0.0c 5.2.0,23/3/16 23/11/30,N/A,,
XTREME,USAO,WACCA 2,絶滅,PST 4,4.5,752,絶滅,PRS 7+,7.8,831,絶滅,FTR 10,10.5,"1,258",N/A,,,,Conflict,205,2.0.0c 5.2.0,23/3/16 23/11/30,N/A,,
Meta-Mysteria,DJ Noriken,WACCA 2,夜浪,PST 5,5.0,844,夜浪,PRS 7+,7.8,905,VII: THE CHARIOT/夜浪,FTR 10+,10.8,"1,309",N/A,,,,Light,205,2.0.0c 5.2.0,23/3/16 23/11/30,N/A,,
"Cosmo
Pop Funclub",ナユタン星人,CHUNITHM 3,Nitro NEW!!,PST 2,2.5,352,Nitro NEW!!,PRS 6,6.0,591,Nitro NEW!!,FTR 8+,8.8,809,N/A,,,,Light,129,4.4.0,23/3/23,N/A,,
IMPACT,"USAO feat.
光吉猛修",CHUNITHM 3,ÉCOLOGIE IMPACT,PST 3,3.5,723,ÉN IMPACT,PRS 7+,7.8,913,én feat. écologie,FTR 9,9.6,"1,231",Toaster NEW!!,BYD 10,10.4,"1,392",Light,210,4.4.0,23/3/23,4.4.0,23/3/23,
Genesis,Morrigan feat. Lily,CHUNITHM 3,Exschwasion,PST 4,4.0,587,Exschwasion,PRS 7,7.0,838,Exschwasion,FTR 9+,9.9,867,N/A,,,,Conflict,150,4.4.0,23/3/23,N/A,,
Trrricksters!!,"s-don vs.
翡乃イスカ",CHUNITHM 3,絶滅,PST 4,4.5,561,絶滅,PRS 7,7.5,784,絶滅,FTR 10,10.1,"1,183",N/A,,,,Conflict,155,4.4.0,23/3/23,N/A,,
Spider's Thread,"きくお ×
cosMo＠暴走P
feat. 影縫英",CHUNITHM 3,夜浪 <->,PST 4,4.5,794,夜浪 <->,PRS 7+,7.8,764,夜浪 <->,FTR 10+,10.8,"1,203",N/A,,,,Conflict,180,4.4.0,23/3/23,N/A,,
0xe0e1ccull,f→n,Black Fate,N/A,,,,N/A,,,,"《WARNING》
Arcaea Charting Team vs -chromaesthesia-",FTR ?,0.0,"1,530",N/A,,,,Conflict,198-216,4.4.2,23/4/1,N/A,,✓
GIMMICK,Ms.Sill,Extend Archive 2: Chronicles,Nitro,PST 2,2.5,421,Nitro,PRS 6,6.5,598,antymis + Nitro,FTR 9,9.5,733,N/A,,,,Conflict,143,4.4.4,23/4/27,N/A,,
"Lost Emotion
feat. nomico",Masayoshi Minoshima(ALR),Extend Archive 2: Chronicles,"ポーカーフェイスの
Toaster",PST 3,3.5,602,"ポーカーフェイスの
Toaster",PRS 7,7.0,780,"ポーカーフェイスの
Toaster",FTR 9,9.3,"1,123",N/A,,,,Light,172,4.4.4,23/4/27,N/A,,
"New York
Back Raise",saaa + kei_iwata + stuv + わかどり,Memory Archive: Variety,"Exschwasion
「CHECK」",PST 4,4.5,762,"Exschwasion
「RAISE」",PRS 7,7.0,803,"Exschwasion
「ALL IN」",FTR 9+,9.9,"1,091",N/A,,,,Conflict,160,4.4.4,23/4/27,N/A,,
"The Survivor
(Game Edit)",Taishi,Memory Archive: Variety,Nitro,PST 3,3.5,817,Nitro,PRS 6,6.5,750,Nitro,FTR 9+,9.9,"1,100",N/A,,,,Conflict,132,4.4.4,23/4/27,N/A,,
Lawless Point,La prière,Extend Archive 2: Chronicles,Luxance,PST 3,3.0,476,Luxance,PRS 6,6.0,630,Luxance,FTR 9,9.0,838,N/A,,,,Conflict,148,4.4.6,23/5/25,N/A,,
Hybris (The one who shattered),"qfeileadh
feat. のあ",Extend Archive 2: Chronicles,Exschwasion,PST 4,4.5,757,Exschwasion,PRS 7+,7.8,973,Exschwasion,FTR 9+,9.8,"1,196",N/A,,,,Conflict,158,4.4.6,23/5/25,N/A,,
Galactic Love,La prière,Memory Archive: Pop/Recommended,én,PST 3,3.0,513,én,PRS 6,6.5,694,én,FTR 9,9.0,813,N/A,,,,Light,145,4.4.6,23/5/25,N/A,,
Lost in the Abyss,FELT,Memory Archive: Pop/Recommended,Nitro,PST 3,3.5,907,Nitro,PRS 6,6.5,908,Nitro,FTR 9+,9.7,"1,179",N/A,,,,Conflict,183,4.4.6,23/5/25,N/A,,
To the Milky Way,黒魔,Memory Archive: Partner,Nitroだー！,PST 5,5.0,928,Nitroだー！,PRS 8+,8.9,"1,154",Nitroだー！,FTR 10,10.5,"1,392",N/A,,,,Light,186,4.4.6,23/5/25,N/A,,✓
Bullet Waiting for Me (James Landino remix),Nikki Simmons,Cytus II,CERiNG,PST 2,2.5,325,CERiNG,PRS 4,4.5,390,CERiNG,FTR 8,8.1,701,N/A,,,,Light,107,4.5.0,23/6/28,N/A,,
Used to be,KIVΛ,Cytus II,Luxance,PST 4,4.0,537,Luxance,PRS 6,6.5,675,Luxance + Nitro,FTR 9,9.2,799,N/A,,,,Light,140,4.5.0,23/6/28,N/A,,
Devillic Sphere,3R2,Cytus II,₸öα$†ε₹,PST 4,4.0,490,₸öα$†ε₹,PRS 7+,7.8,692,₸öα$†ε₹,FTR 9+,9.9,"1,129",N/A,,,,Conflict,160,4.5.0,23/6/28,N/A,,
Lucid Traveler,"Akira Complex
vs. 3R2",Cytus II,Toaster vs ₸öα$†ε₹,PST 4,4.5,634,Toaster vs ₸öα$†ε₹,PRS 8+,8.9,"1,006",Toaster vs ₸öα$†ε₹,FTR 10,10.4,"1,341",N/A,,,,Conflict,170-200,4.5.0,23/6/28,N/A,,✓
CHAOS,Æsir,Cytus II,絶滅,PST 5,5.5,646,絶滅,PRS 7,7.5,848,絶滅,FTR 10+,10.9,"1,369",N/A,,,,Conflict,150,4.5.0,23/6/28,N/A,,
INTERNET YAMERO,"Aiobahn
feat. KOTOKO",Memory Archive: Pop/Recommended,該当チャンネルが停止されたため、 この譜面は再生できません。,PST 4,4.5,677,該当チャンネルが停止されたため、 この譜面は再生できません。,PRS 7+,7.8,987,該当チャンネルが停止されたため、 この譜面は再生できません。,FTR 9+,9.9,"1,222",N/A,,,,Conflict,185,4.5.0,23/6/28,N/A,,
syūten,"Apo11o ""COLLAPSAR"" program feat.
大瀬良あい",Cytus II 2,antymīs,PST 2,2.0,395,antymīs,PRS 5,5.0,446,antymīs,FTR 8,8.5,592,N/A,,,,Light,76-96,4.6.0,23/7/19,N/A,,
DRG,onoken,Cytus II 2,_NITRO,PST 3,3.5,380,_HARD,PRS 7,7.0,624,_CHAOS,FTR 9,9.5,872,N/A,,,,Light,155,4.6.0,23/7/19,N/A,,
99 Glooms,Sta,Cytus II 2,終点,PST 4,4.0,637,終点,PRS 7+,7.8,774,終点,FTR 10,10.3,"1,294",N/A,,,,Conflict,185,4.6.0,23/7/19,N/A,,
͟͝͞Ⅱ́̕,Cytus,Cytus II 2," Corrupted data Recovery progress
......100%",PST 5,5.0,690,"Main_Log_
702_10_25",PRS 8+,8.9,816,"Cam_Library_
702_12_29",FTR 10+,10.8,"1,051",N/A,,,,Conflict,130-150,4.6.0,23/7/19,N/A,,
Magnolia,"M2U
Vocal by Guriri",Cytus II 2,Lacrimosa,PST 4,4.5,625,Lacrimosa,PRS 7+,7.8,726,Lacrimosa,FTR 10,10.2,895,N/A,,,,Light,160,4.6.0,23/7/19,N/A,,
Ultimate taste,ぱらどっと,Extend Archive 2: Chronicles,"Arcaea
Charting Team",PST 3,3.5,828,"Arcaea
Charting Team",PRS 6,6.5,"1,008",Arcaea Charting Team 【Full Flavor】,FTR 9+,9.7,"1,405",N/A,,,,Light,200,4.6.0,23/7/19,N/A,,
WAIT FOR DAWN,"U-ske feat.
棗いつき",Lasting Eden,én,PST 2,2.5,596,én,PRS 7+,7.8,636,én,FTR 8+,8.7,861,N/A,,,,Light,188,4.7.0,23/8/18,N/A,,✓
Raven's Pride,"みーに feat.
はらもりよしな",Lasting Eden,Exschwasion,PST 3,3.0,697,Exschwasion,PRS 7,7.0,797,Exschwasion,FTR 9,9.4,"1,030",N/A,,,,Conflict,165,4.7.0,23/8/18,N/A,,✓
Rise of the World,cosMo＠暴走P,Lasting Eden,N⇑TRO,PST 4,4.5,722,N⇑TRO,PRS 8,8.1,843,N⇑TRO,FTR 10,10.4,"1,176",N/A,,,,Light,182-212,4.7.0,23/8/18,N/A,,✓
UNKNOWN LEVELS,Yuta Imai,Lasting Eden,Toaster,PST 4,4.0,591,Toaster,PRS 8,8.1,771,⇓ 東星 vs Toaster ⇓,FTR 10,10.6,"1,149",N/A,,,,Conflict,110-165,4.7.0,23/8/18,N/A,,✓
Abstruse Dilemma,"Ashrount vs.
打打だいず",Lasting Eden,Remnant ⇐ Guilt,PST 5,5.5,983,Remnant ⇒ Doubt,PRS 8+,8.9,"1,127","Remnant ⇑
⇓ Volition",FTR 11,11.1,"1,467",N/A,,,,Light,216,4.7.0,23/8/18,N/A,,✓
RGB,MEMODEMO × AQUASINE,Extend Archive 2: Chronicles,NO₂,PST 4,4.0,652,NO₂,PRS 7+,7.8,803,NO₂,FTR 9+,9.7,"1,131",N/A,,,,Light,163,4.7.0,23/8/18,N/A,,✓
"SACRIFICE
feat. ayame",Masayoshi Minoshima(ALR),Memory Archive: Pop/Recommended,Luxance,PST 3,3.5,548,Luxance,PRS 7,7.5,779,Luxance,FTR 9+,9.7,958,N/A,,,,Conflict,180,4.7.0,23/8/18,N/A,,
Kanjou no Matenrou ～Arr.Demetori,Demetori,Extend Archive 2: Chronicles,Exschwasion,PST 3,3.5,736,Exschwasion,PRS 6,6.5,929,N•Ex•T,FTR 9+,9.8,"1,294",N/A,,,,Conflict,178,4.7.2,23/9/14,N/A,,
"To the
Furthest Dream","ii/night
feat. 綺良雪",Memory Archive: Original,,PST 4,4.5,836,,PRS 8,8.5,994,,FTR 9+,9.8,"1,102",N/A,,,,Silent,183,4.7.2,23/9/14,N/A,,✓
Primeval Texture,くるぶっこちゃん,Severed Eden,CERiNG,PST 3,3.0,387,CERiNG,PRS 7,7.5,525,CERiNG,FTR 9,9.0,810,N/A,,,,Light,120,5.0.0,23/9/27,N/A,,✓
Technicolour,Maozon,Severed Eden,KLMNOP,PST 3,3.5,644,KLMNOP,PRS 7,7.0,812,KLMNOP,FTR 9+,9.8,"1,140",N/A,,,,Light,175,5.0.0,23/9/27,N/A,,✓
Ego Eimi,"BlackY feat.
Risa Yuzuki",Severed Eden,東星,PST 5,5.5,801,東星,PRS 8,8.6,937,東星,FTR 10,10.5,"1,223",N/A,,,,Conflict,178,5.0.0,23/9/27,N/A,,✓
Logos,"polysha
feat. 高城みよ",Severed Eden,絶滅,PST 4,4.0,697,絶滅,PRS 7+,7.8,798,絶滅,FTR 10,10.1,"1,040",N/A,,,,Conflict,189,5.0.0,23/9/27,N/A,,✓
Arghena,"Feryquitous
vs. Laur",Severed Eden,"第一識 ""Reality""",PST 7,7.5,883,"第二識 ""Causality""",PRS 9,9.4,"1,082","第三識 ""Pluriversality""",FTR 11,11.3,"1,444",N/A,,,,Conflict,185,5.0.0,23/9/27,N/A,,✓
Remind the Souls (Short Version),Nhato,Arcaea,Nitro,PST 3,3.5,561,Nitro,PRS 7,7.0,756,Nitro,FTR 9,9.5,945,N/A,,,,Light,130,5.0.0,23/9/27,N/A,,
Dynitikós,Prower,Extend Archive 2: Chronicles,Exschwasión,PST 4,4.0,683,Exschwasión,PRS 7,7.5,894,Exschwasión,FTR 9,9.5,986,N/A,,,,Conflict,180,5.0.0,23/9/27,N/A,,✓
Amekagura,荒谷サトル,Extend Archive 2: Chronicles,antymis,PST 4,4.0,741,antymis,PRS 7,7.5,851,antymis,FTR 9+,9.9,"1,076",N/A,,,,Light,105,5.0.0,23/9/27,N/A,,✓
B.B.K.K.B.K.K.,nora2r,Memory Archive: Variety,E.E.X.X.E.X.X.,PST 4,4.5,669,E.E.X.X.E.X.X.,PRS 7,7.0,708,E.E.X.X.E.X.X.,FTR 9+,9.7,976,N/A,,,,Conflict,170,5.0.0,23/9/27,N/A,,
Transient Space,"sleepless,
Gardens, aspect",Shifting Veil,CERiNG -liminal-,PST 2,2.5,419,CERiNG -liminal-,PRS 7,7.0,607,CERiNG -liminal-,FTR 9,9.5,805,N/A,,,,Conflict,115-132,5.1.0,23/10/26,N/A,,✓
Nameless Passion,天束 feat. Sennzai,Shifting Veil,Luxance,PST 3,3.0,681,Luxance,PRS 7,7.0,890,Luxance,FTR 9+,9.9,"1,223",N/A,,,,Conflict,200,5.1.0,23/10/26,N/A,,✓
TeraVolt,Katali,Shifting Veil,夜浪,PST 5,5.0,675,夜浪,PRS 8+,8.9,804,超東星 × 雷夜浪,FTR 10+,10.9,"1,008",N/A,,,,Conflict,154,5.1.0,23/10/26,N/A,,✓
FANTA5Y,Moon Jelly & YUKIYANAGI,Extend Archive 2: Chronicles,TOA5TIE,PST 3,3.0,536,TOA5TIE,PRS 7,7.0,715,TOA5TIE,FTR 9,9.4,965,N/A,,,,Light,170,5.1.0,23/10/26,N/A,,✓
Stratoliner,C-Show,WACCA 2,Exschwasion,PST 3,3.5,535,Exschwasion,PRS 6,6.5,702,Exschwasion,FTR 9,9.6,877,N/A,,,,Conflict,175,5.2.0,23/11/30,N/A,,
Ouvertüre,"USAO & DJ Genki
feat. ルーン
(CV: 河瀬茉希)",WACCA 2,るくあんす,PST 2,2.5,583,るくあんす,PRS 7,7.5,786,るくあんす,FTR 9+,9.8,913,N/A,,,,Conflict,200,5.2.0,23/11/30,N/A,,
Alone & Lorn,"Ponchi♪
feat. はぁち",Extend Archive 2: Chronicles,én,PST 3,3.0,643,én,PRS 6,6.5,742,én & KLMNOP,FTR 9,9.6,970,N/A,,,,Light,100,5.2.0,23/11/30,N/A,,✓
Wish Upon a Snow,打打だいず,Memory Archive: Original,0°絶滅,PST 4,4.5,"1,031",0°絶滅,PRS 7,7.5,"1,095",0°絶滅,FTR 10,10.5,"1,309",N/A,,,,Light,218,5.2.0,23/11/30,N/A,,✓
felys final remix,onoken,Extend Archive 2: Chronicles,Dec18,PST 3,3.0,626,Dec18,PRS 6,6.5,771,Dec18,FTR 9,9.5,"1,130",N/A,,,,Conflict,180,5.2.2,23/12/21,N/A,,
"On And On!!
feat. Jenga",ETIA.,Extend Archive 2: Chronicles,én and én!!,PST 3,3.0,370,én and én!!,PRS 7,7.0,616,én and én!!,FTR 9,9.5,836,N/A,,,,Light,170,5.2.2,23/12/21,N/A,,
LIVHT MY WΔY,かめりあ feat. STΔRLIVHT,Memory Archive: Music Game,"k//eternal + nitro ""ephemeral past""",PST 4,4.5,673,"k//eternal + nitro ""recursive present""",PRS 7,7.5,738,"k//eternal + nitro ""convergent future""",FTR 9+,9.8,954,N/A,,,,Conflict,190,5.2.2,23/12/21,N/A,,
Kanbu de Tomatte Sugu Tokeru,ARM + 夕野ヨシミ (IOSYS) feat. miko,Memory Archive: Pop/Recommended,C7H11NO配合!!!!!!,PST 4,4.0,584,C7H11NO配合!!!!!!,PRS 7,7.5,714,C7H11NO配合!!!!!!,FTR 10,10.0,"1,108",N/A,,,,Light,200,5.2.2,23/12/21,N/A,,
Hotarubi no Yuki,Endorfin.,Sunset Radiance,0°Nitro,PST 3,3.5,589,0°Nitro,PRS 7,7.0,733,0°Nitro,FTR 9+,9.7,991,N/A,,,,Light,159,5.2.6,24/1/12,N/A,,✓
Vicious [ANTi] Heroism,Kobaryo,Absolute Reason,N/A,,,,N/A,,,,N/A,,,,"[FUTiLE]
Defiance",BYD 11,11.1,"1,772",Conflict,271,N/A,,5.3.0,24/1/25,✓
The Formula,Junk,Arcaea,Dec18,PST 3,3.0,427,Dec18,PRS 6,6.0,587,Dec18,FTR 9,9.3,957,N/A,,,,Light,144,5.3.0,24/1/25,N/A,,
Luna Rossa,r0y,Memory Archive: Music Game,Luxance,PST 3,3.0,443,Luxance,PRS 6,6.0,578,Luxance,FTR 9+,9.7,920,N/A,,,,Conflict,174,5.3.0,24/1/25,N/A,,
Jingle,DJ Noriken,Arcaea,Exschwasion,PST 2,2.5,530,Exschwasion,PRS 5,5.5,741,Exschwasion,FTR 7+,7.8,848,KLMNOP,ETR 9,9.5,"1,047",Light,170,5.4.0,24/3/8,5.4.0,24/3/8,
Aleph-0,LeaF,Extend Archive 2: Chronicles,ə₀,PST 5,5.5,388,ə₀,PRS 8+,8.8,579,ə₀,FTR 10,10.5,919,N/A,,,,Conflict,35-400,5.4.0,24/3/8,N/A,,
Innocence,"Powerless
feat. Sennzai",Memory Archive: Original,First Dawn,PST 3,3.0,734,First Dawn,PRS 6,6.5,811,First Dawn,FTR 8,8.5,"1,023",First Dawn,ETR 9+,9.7,"1,157",Light,190,5.4.0,24/3/8,5.4.0,24/3/8,✓
IONOSTREAM,Tatsh,Memory Archive: Music Game,Nitro,PST 3,3.5,845,Nitro,PRS 6,6.0,890,Dec18 + Nitro,FTR 8+,8.7,818,Dec18 + Nitro,ETR 9+,9.7,871,Conflict,220-254,5.4.0,24/3/8,5.4.0,24/3/8,
"Masquerade
Legion","Srav3R &
DJ Noriken",Memory Archive: Original,"Nitro
「The Veiled」",PST 3,3.5,510,"Nitro
「The Veiled」",PRS 6,6.5,698,"Nitro
「The Veiled」",FTR 10,10.0,"1,064",N/A,,,,Conflict,175,5.4.0,24/3/8,N/A,,✓
Qovat,owl＊tree,Memory Archive: Original,ex＊tree,PST 4,4.5,519,ex＊tree,PRS 8,8.2,765,ny＊tree,FTR 10,10.6,"1,299",N/A,,,,Conflict,122,5.4.0,24/3/8,N/A,,✓
KYOREN ROMANCE,"REDALiCE
vs. DJ Myosuke
feat. DELUTAYA",Memory Archive: Partner,Dec18 + Nitro,PST 4,4.0,821,Dec18 + Nitro,PRS 7+,7.8,982,Dec18 + Nitro,FTR 10+,10.7,"1,519",N/A,,,,Conflict,205,5.4.0,24/3/8,N/A,,✓
HELLOHELL,暁Records,World Extend 3: Illusions,én,PST 2,2.5,466,én,PRS 5,5.0,445,én,FTR 7,7.5,673,eién,ETR 9,9.4,770,Conflict,155,5.5.0,24/3/25,5.5.0,24/3/25,
MORNINGLOOM,saaa,World Extend 3: Illusions,Exschwasion • 8:00,PST 3,3.0,710,Exschwasion • 8:21,PRS 6,6.5,829,Exschwasion • 8:45,FTR 8+,8.8,940,Exschwasion • 8:46,ETR 9+,9.8,"1,035",Light,102,5.5.0,24/3/25,5.5.0,24/3/25,
〇、,Kolaa & 熊子,World Extend 3: Illusions,CERiNG、,PST 2,2.5,368,CERiNG、,PRS 6,6.5,519,CERiNG、,FTR 9,9.5,708,N/A,,,,Light,145,5.5.0,24/3/25,N/A,,
Awaken In Ruins,Supa7onyz,World Extend 3: Illusions,antymis,PST 3,3.5,412,antymis,PRS 7,7.5,570,antymis,FTR 9+,9.9,754,N/A,,,,Conflict,125,5.5.0,24/3/25,N/A,,
Lethal Voltage,siqlo,World Extend 3: Illusions,moonquay [EMP],PST 4,4.5,724,moonquay [FLASH],PRS 7+,7.8,922,moonquay [SHOCK],FTR 10,10.4,"1,497",N/A,,,,Conflict,190,5.5.0,24/3/25,N/A,,✓
MIRINAE,TAK × Zekk,Memory Archive: Original,N↑TRO,PST 4,4.5,646,N↑TRO,PRS 8,8.3,881,N↑TRO,FTR 10,10.5,"1,277",N/A,,,,Light,180,5.5.0,24/3/25,N/A,,✓
HIVEMIND INTERLINKED,かたぎり,Extend Archive 1: Visions,N/A,,,,N/A,,,,"《WARNING》
Arcaea Cognition Team -assimilated-",FTR ?,0.0,"1,445",N/A,,,,Conflict,252,5.5.6,24/4/1,N/A,,✓
ultradiaxon-N3,nitro (lowiro),Memory Archive: Partner,Nitro,PST 4,4.5,605,Nitro,PRS 8,8.5,896,Nitro,FTR 10,10.5,"1,228",N/A,,,,Conflict,150,5.5.6,24/4/1,N/A,,✓
Leave All Behind,rider,World Extend 3: Illusions,Luxance,PST 2,2.0,380,Luxance,PRS 5,5.5,488,Luxance,FTR 9,9.2,828,N/A,,,,Conflict,150,5.6.0,24/4/26,N/A,,
Distorted Fate,Sakuzyo,Memory Archive: Music Game,Toaster,PST 4,4.5,756,Toaster,PRS 7+,7.8,890,Toaster,FTR 9,9.6,"1,172","TOASTER
DATA PATCHER",ETR 10+,10.9,"1,402",Conflict,150,5.6.0,24/4/26,5.6.0,24/4/26,
Floating World,baker feat. botan,Memory Archive: Partner,én,PST 3,3.0,753,én,PRS 7,7.0,793,én,FTR 9,9.3,"1,047",N/A,,,,Light,174,5.6.0,24/4/26,N/A,,✓
Désive,MisomyL,Memory Archive: Partner,Yearning Call,PST 5,5.0,"1,007",Yearning Call,PRS 8,8.0,"1,051",Yearning Call,FTR 9+,9.9,"1,273",Yearning Call,ETR 10+,10.8,"1,340",Light,180-230,5.6.0,24/4/26,5.6.0,24/4/26,✓
Chromafill,ていぬ,Memory Archive: Partner,"exschwasion
-彩色-",PST 4,4.0,757,"exschwasion
-彩色-",PRS 7,7.0,890,"exschwasion
-彩色-",FTR 10,10.0,"1,130",N/A,,,,Light,179,5.6.0,24/4/26,N/A,,✓
Hidden Rainbows of Epicurus,"SYNC.ART'S
feat. Misato",Arcaea,Dec18,PST 2,2.5,595,Dec18,PRS 5,5.5,644,Dec18,FTR 7,7.5,783,Dec18,ETR 8+,8.8,884,Light,155,5.7.0,24/5/30,5.7.0,24/5/30,
Old School Salvage,DJ SHARPNEL,World Extend 3: Illusions,antymis,PST 4,4.0,705,antymis,PRS 7+,7.8,950,antymis + Nitro,FTR 9+,9.8,"1,316",N/A,,,,Conflict,205,5.7.0,24/5/30,N/A,,✓
Twilight Concerto,Scarlette,Memory Archive: Music Game,Exschwasion,PST 4,4.5,584,Exschwasion,PRS 7+,7.8,634,Exschwasion,FTR 9,9.5,803,Exschwasion,ETR 10,10.4,962,Conflict,194,5.7.0,24/5/30,5.7.0,24/5/30,
Beautiful Dreamer,M-Project,Memory Archive: Original,CERiNG,PST 4,4.0,611,CERiNG,PRS 7+,7.8,773,CERiNG,FTR 9+,9.9,"1,139",N/A,,,,Light,188,5.7.0,24/5/30,N/A,,✓
Back to Basics,m1dy,Memory Archive: Original,夜浪 THE FUMEn ANARCHIST,PST 5,5.0,717,夜浪 THE FUMEn ANARCHIST,PRS 8+,8.7,"1,115",夜浪 THE FUMEn ANARCHIST,FTR 10,10.5,"1,544",N/A,,,,Conflict,420,5.7.0,24/5/30,N/A,,✓
"Sign of ""10.5km""",渡部恭久,Groove Coaster 2,Dec18,PST 3,3.0,490,Dec18,PRS 6,6.5,564,Dec18,FTR 9,9.2,735,N/A,,,,Light,160,5.8.0,24/6/27,N/A,,
10pt8ion,Lite Show Magic,Groove Coaster 2,Nitro,PST 4,4.0,475,Nitro,PRS 7+,7.8,704,Nite Schwa Power,FTR 9+,9.7,906,Nite Schwa Power,ETR 10,10.4,"1,087",Conflict,128-185,5.8.0,24/6/27,5.8.0,24/6/27,
Black MInD,COSIO,Groove Coaster 2,聖輪,PST 5,5.0,601,聖輪,PRS 8,8.0,754,聖輪,FTR 10+,10.8,"1,274",N/A,,,,Conflict,192,5.8.0,24/6/27,N/A,,
STARGATE EXTREME,KARUT,Memory Archive: Music Game,én,PST 4,4.0,337,én,PRS 6,6.0,430,én,FTR 9,9.3,724,eién,ETR 10,10.0,915,Conflict,150,5.8.0,24/6/27,5.8.0,24/6/27,
HYPER VISION,VOLTA,Memory Archive: Partner,NITRO,PST 4,4.5,639,NITRO,PRS 7,7.5,839,NITRO,FTR 9+,9.8,"1,040",N/A,,,,Conflict,155,5.8.0,24/6/27,N/A,,✓

